touristic_place_id|fact
BAR CORDANO|Con más de 114 años de funcionamiento, es el bar más antiguo de la ciudad de Lima.
BAR CORDANO|El Cordano fue visitado por varios presidentes, artistas y escritores, como Chabuca Granda, Víctor Humareda y Martín Adán
BAR CORDANO|Reconocido como Patrimonio Cultural de la Nación, mediante R. J. Nº 009-989-INC/J del 26 de abril de 1989.
PALACIO DE TORRE TAGLE|Declarado Patrimonio Cultural de la Nación por R.S. No. 2900 el 28 de diciembre de 1972.
PALACIO DE TORRE TAGLE|El Estado Peruano adquirió el edificio colonial el 27 de junio de 1918 por la suma de S/. 320 000 a los herederos de Ricardo Ortiz de Zevallos y Tagle, VI marqués de Torre Tagle.
PALACIO DE TORRE TAGLE|Ha sido la residencia familiar del Presidente de la República don José Bernardo de Tagle
MUSEO DE ARTE DE LIMA|Imparte en sus instalaciones cursos, talleres y cuenta con una biblioteca habilitada
MUSEO DE ARTE DE LIMA|Declarado por el INC como patrimonio cultural inmueble de la nación según R.S. No. 2900-1972-ED el 23 de Enero de 1973
MUSEO DE ARTE DE LIMA|Aqui Diego aprendió trucos de magia y a hacer impro teatral :v
MUSEO HISTORICO MILITAR DE LOS COMBATIENTES DEL MORRO DE ARICA|Acá podremos encontrar varios lienzos originales del importante pintor Juan de Lepiani
MUSEO HISTORICO MILITAR DE LOS COMBATIENTES DEL MORRO DE ARICA|La reliquia más especial de la colección y una de las piezas más importantes de la historia republicana, se trata de la bandera original que flameó en el Morro de Arica durante la batalla del 07 de junio de 1880, la misma que fue retirada y escondida por patriotas antes que caiga en manos del invasor.
PARQUE UNIVERSITARIO|La Torre Alemana, fue donada por los residentes alemanes en el Perú, con motivo del Centenario de la Independencia del Perú en 1921.​
PARQUE UNIVERSITARIO|Tanto a las doce del mediodía, como también a las seis de la tarde, sus campanadas tocaban la primera estrofa del Himno Nacional del Perú
PARQUE UNIVERSITARIO|En este parque se encuentran varios monumentos de sanmarquinos ilustres
MUSEO DE LA INQUISICIÓN Y DEL CONGRESO DE LA REPÚBLICA|El inmueble, ubicado en la actual plaza Bolívar, forma parte del patrimonio cultural del país
MUSEO DE LA INQUISICIÓN Y DEL CONGRESO DE LA REPÚBLICA|El edificio conserva algunos ambientes originales, como la Sala de Audiencias, recubierta por un artesonado mudéjar, en la que se encontraba la denominada ‘puerta del secreto’
MUSEO DE LA INQUISICIÓN Y DEL CONGRESO DE LA REPÚBLICA|Tras la Independencia del Perú, el local de la Inquisición fue utilizado para reunir al primer Congreso Constituyente del Perú.
PALACIO DE JUSTICIA|El edificio, de fachada de estilo neoclásico, fue obra del arquitecto polaco Bruno Paprowsky
PALACIO DE JUSTICIA|La arquitectura fue inspirada en en el Palacio de Justicia de Bruselas (obra de Joseph Poelaert) de estilo ecléctico
MUSEO DEL BANCO CENTRAL DE RESERVA DEL PERÚ|Declarado Patrimonio Cultural de la Nación por R.S. No. 505-1974-ED el 15 de octubre de 1974.
MUSEO DEL BANCO CENTRAL DE RESERVA DEL PERÚ|El arte popular esta presente en la sala de ingreso del Museo y muestra objetos utilitarios y de uso ceremonial de las regiones del país como los retablos ayacuchanos, tocados de la selva, tejidos de auquénidos, platería,
MUSEO DEL BANCO CENTRAL DE RESERVA DEL PERÚ|Cuenta con tres principales áreas permanentes de exposición: la sala arqueológica, la pinacoteca Manuel Moreyra Loredo y la sala de Arte popular.
MUSEO DEL PALACIO ARZOBISPAL DE LIMA|Declarado el Palacio Arzobispal de Lima por el INC como patrimonio cultural inmueble según R.S. No. 2900 el 32/01/73.
MUSEO DEL PALACIO ARZOBISPAL DE LIMA|Su fachada totalmente de piedra reintegrada característica del barroco limeño 
MUSEO DEL PALACIO ARZOBISPAL DE LIMA| En el museo podemos encontrar una magnifica y excelente colección de pinturas, esculturas y ornamentos litúrgicos con motivos religiosos
MATE MUSEO MARIO TESTINO|MATE es el único museo en el mundo dedicado a exhibir de manera permanente la obra del fotógrafo Mario Testino.
MATE MUSEO MARIO TESTINO|Mario Testino reconocido como el “mejor fotógrafo del Mundo”, según la revista “Vogue” en los premios “Who´s On Next”.
MATE MUSEO MARIO TESTINO|Al exterior en sentido de regreso, se llega a la terraza de la cafetería con piso de baldosa de cemento decorado.
PLAZA FRANCIA O PLAZA DE LA RECOLETA| La versión moderna de la plazoleta es un obsequio de la colonia francesa en Lima; el motivo fue la conmemoración del centenario de la Independencia del Perú. 
PLAZA FRANCIA O PLAZA DE LA RECOLETA|Declarado Ambiente Urbano Monumental por el INC mediante R.D.N. No. 390-2001-INC el 18 de mayo de 2001.
PLAZA FRANCIA O PLAZA DE LA RECOLETA|Hay una placa conmemorativa al almirante francés Bergasse du Petit Thouars por su participación en la defensa de Lima durante la ocupación chilena en 1880.
BIBLIOTECA MUNICIPAL MANUEL BEINGOLEA|El inmueble es considerado dentro de la relación de Monumentos Coloniales y Republicanos
BIBLIOTECA MUNICIPAL MANUEL BEINGOLEA|Ha sido reconocido como Monumento Nacional por su Arquitectura Civil Patrimonial con Resolución Suprema 2900-72.ED 28/12/1972.
PLAZA BOLOGNESI|Declarado Ambiente Urbano Monumental por el INC mediante R.S. No. 2900 el 23/01/1973.
PLAZA BOLOGNESI| Cada 7 de abril de todos los años, rememorando la fecha de la Batalla de Arica, es realizada en esta Plaza la ceremonia de la Bandera, en el Día de la Bandera del Perú.
PARQUE MUNICIPAL DE BARRANCO|El Parque Municipal, ha sido declarado Ambiente Urbano Monumental, por Resolución Suprema N° 2900-72-ED, el 28 de diciembre de 1972. 
PARQUE MUNICIPAL DE BARRANCO|El valor de estos ranchos reside en su valor como componentes del urbanismo del Parque Municipal y en la calidad que particularmente posee su arquitectura
MUSEO NACIONAL DE ARQUEOLOGÍA, ANTROPOLOGÍA E HISTORIA DEL PERU|Es el museo estatal más antiguo de nuestro país, según citado a: Tello, Julio César. 
MUSEO NACIONAL DE ARQUEOLOGÍA, ANTROPOLOGÍA E HISTORIA DEL PERU|La colección textil del museo asciende a 32,000 especimenes aproximadamente, entre piezas completas y fragmentos correspondientes a todos los periodos culturales, desde el Pre-cerámico con algodón de 2,500 años A.C., hasta el Período Inca.
MUSEO NACIONAL DE ARQUEOLOGÍA, ANTROPOLOGÍA E HISTORIA DEL PERU|Es considerada como la segunda colección textil más importante del mundo
MUSEO AMANO|Es una colección privada. 
MUSEO AMANO|El señor Amano, empresario de nacionalidad japonesa, escribió más de una decena de libros en idioma japonés referentes a temas arqueológicos del Perú. 
MUSEO AMANO|Es tanta la importancia del museo que ha recibido desde su fundación a intelectuales, artistas, estudiosos del país y a destacadas personalidades entre ellos a la princesa Margarita de Dinamarca quien dejó su real firma en el álbum de visitantes.
MUSEO NACIONAL DE LA CULTURA PERUANA|Reconocido como Patrimonio Cultural de la Nación mediante RDN 1072-2001-INC, publicado el 17 de octubre de 2001
MUSEO NACIONAL DE LA CULTURA PERUANA|En los últimos años, el museo viene impulsando y promoviendo talleres y exposiciones de diversas artes populares, a cargo de maestros y artistas de la costa, sierra y selva.
MUSEO DE ARTE DE LA UNIVERSIDAD NACIONAL DE SAN MARCOS|Tiene ciento cuarentitrés retratos de figuras ilustres de la Universidad
MUSEO DE ARTE DE LA UNIVERSIDAD NACIONAL DE SAN MARCOS|La colección de arte popular reúne más de mil piezas procedentes de Ayacucho, Junín, Cusco y Puno;
CASA MUSEO RICARDO PALMA|Declarado como Patrimonio Cultural Inmueble Republicano mediante la Ley No. 13898, con fecha 19/01/1962.
CASA MUSEO RICARDO PALMA|Al dejar de existir Don Ricardo Palma, la vivienda fue ocupada por un colegio que funcionó hasta 1967.
CASA MUSEO RICARDO PALMA|En el 2019 con motivo de celebrarse el centenario del fallecimiento de tan ilustre vecino, la Municipalidad de Miraflores inició las obras de la restauración y nueva museografía de la Casa Museo, la cual ha sido reinaugurada el 06 de octubre de 2020
CASA MUSEO JULIA CODESIDO|La casa de esta artista será abierta al público para apreciar su legado pictórico. 
CASA MUSEO JULIA CODESIDO|La residencia donde habitó Codesido, proyectada por José Sabogal, se encuentra rodeada de jardines
CASA MUSEO JULIA CODESIDO|La vivienda ha sido reformada para mostrar un espacio museístico donde se muestra el trabajo de la artista.
PARQUE FEDERICO VILLARREAL|La Plazuela servía de zona de intercambio entre la zona norte de La Ermita con el Parque Municipal y la Bajada de los Baños
PARQUE FEDERICO VILLARREAL|En el monumento se puede observar la figura de una mujer desnuda con los brazos en alto sosteniendo una lámpara y al pie una dedicatoria sobre la inauguración
PARQUE FEDERICO VILLARREAL|El recurso sirve como lugar para observar el paisaje de la zona,
PLAZA SANTISIMA CRUZ DEL VIAJERO|San Martin y Bolivar se inclinaron reverentes ante ella al despedirse de tierras peruanas
PLAZA SANTISIMA CRUZ DEL VIAJERO|Don Simón Bolivar estando enfermo, oró ante la cruz recobrando la salud.
PLAZA SANTISIMA CRUZ DEL VIAJERO|Su estructura es dura y cuadrangular, correspondiendo su arquitectura a las cruces de este tiempo.
MUSEO LARCO HERRERA|Esta rodeada de hermosos jardines en el cual se sitúa una mansión virreinal que data del siglo XVIII la cual fue a su vez, construida sobre una pirámide precolombina del siglo VII.
MUSEO LARCO HERRERA|El museo exhibe la famosa colección de arte erótico, especializada principalmente en la Cultura Moche.
MUSEO LARCO HERRERA|En la Sala de Arte Lítico se exhiben morteros, estelas, mazas, figuras antropomorfas y zoomorfas, recipientes rectangulares y cilíndricos, clavas, maquetas, etc.
PARQUE CENTRAL|El Parque 7 de junio llamado así en honor a los hombres que defendieron a nuestra patria en la Batalla de Arica en 1980 durante la Guerra contra Chile, 
PARQUE CENTRAL|Cuenta con una rotonda para el público y el anfiteatro Chabuca Granda para espectáculos de diversa naturaleza, desarrollándose así un concepto de centro cultural abierto
PARQUE CENTRAL|En el año 2020, el parque fue intervenido íntegramente con áreas verdes mejoradas y nuevas luminarias led que realzan los elementos arquitectónicos
PARQUE EL CARMEN|Según la tradición el árbol fue sembrado por Don José de San Martín
PARQUE EL CARMEN|Cuenta con un árbol de más de 30 metros de altura
PARQUE DEL FARO DE LA MARINA|Es el faro marítimo más alto de Lima Metropolitana.
PARQUE DEL FARO DE LA MARINA|El Faro tiene una altura de 22 metros, su estructura es de fierro fundido y tiene un alcance lumínico de 25 millas náuticas y le da al parque una belleza única 
PARQUE DEL FARO DE LA MARINA|El lugar ostenta un ambiente de tranquilidad; está conformado por áreas verdes adornadas con palmeras
PARQUE ALFREDO SALAZAR|En el año 2015, la Municipalidad de Miraflores y la Embajada Británica instalaron una estatua del recordado personaje “Oso Paddington”
PARQUE ALFREDO SALAZAR|En la actualidad, este parque es uno de los atractivos turísticos más visitados de Miraflores tanto por visitantes nacionales como extranjeros
PARQUE ALFREDO SALAZAR|La escultura corona una base de rocas naturales.
PALACIO MUNICIPAL DE MIRAFLORES|Declarado como Patrimonio Cultural Inmueble Republicano mediante R.D.N. No. 515-2000-INC con fecha 20/05/2000.
PALACIO MUNICIPAL DE MIRAFLORES|La torre es rematada por una artística construcción que semeja un campanario en cuyos extremos de su cubierta se distinguen pequeños pináculos. 
PALACIO MUNICIPAL DE MIRAFLORES|Como símbolo de unión entre los peruanos, en la parte superior de la fachada se ubican los grabados de los 24 escudos de las regiones de nuestro país, inaugurado en julio del año 1997.
MUSEO PEDRO DE OSMA|Fue declarado Monumento Nacional como “Casa de Osma”, por Resolución Ministerial Nº 0928-80-ED del 23 de julio de 1980. 
MUSEO PEDRO DE OSMA|Cuenta con un taller de restauración para la conservación del patrimonio histórico-artístico del museo. 
MUSEO PEDRO DE OSMA|Entre los trabajos realizados se encuentran la imagen del Señor de los Milagros y el Arquero de la Muerte de Baltazar Gavilán. El Museo conserva la colección más importante del país.
PALACIO DE GOBIERNO|Fue declarado monumento nacional el 12 de Febrero del 2002. El cambio de guardia se realiza diariamente a las 11:45 a.m. 
PALACIO DE GOBIERNO|El Palacio de Gobierno del Perú encuentra dentro del Centro Histórico de Lima, Declarada como patrimonio cultural de la humanidad por la UNESCO en el año 1991.
PALACIO DE GOBIERNO|En 1921 el Palacio de Gobierno sufrió un terrible incendio que provocó la pérdida de gran parte de la fachada que da a la Plaza Mayor. El entonces presidente, Augusto B. Leguia, encargó la ejecución del nuevo edificio, levantando una elegante fachada de piedra
PALACIO MUNICIPAL DE LIMA|Alberga el Acta de Fundación de Lima, redactada el día de su fundación, el 18 de enero de 1535. 
PALACIO MUNICIPAL DE LIMA|También guarda el Acta Original de la Independencia Nacional, que cuenta con las firmas de 3204 habitantes de Lima, fechadas en julio de 1821. Este histórico documento fue restaurado en 1981 en el Vaticano.
PALACIO MUNICIPAL DE LIMA|La importante Biblioteca Municipal de Lima cuenta más de 15 mil libros y sus históricas publicaciones datan desde 1534 hasta 1834. 
PARQUE DE LA MURALLA|Declarado Patrimonio Cultural Inmueble Colonial y Republicano por RDN Nº 122-2004 INC.
PARQUE DE LA MURALLA|La antigua muralla tiene 300 metros lineales restaurados a todo esto se suma el museo de sitio
PARQUE DE LA MURALLA|Durante el recorrido se puede interactuar visualmente con restos históricos y paisaje fluvial
MUSEO ANDRÉS DEL CASTILLO|Declarado Patrimonio Cultural de la Nación por R.M. No. 0928-80-ED el 23 de julio de 1980.
MUSEO ANDRÉS DEL CASTILLO|Para la construcción de la casa original se utilizaron materiales como la quincha y paja, los cuales dificultarían el trabajo de restauración, sin embargo, guardando la armonía con el espacio físico y los estilos
MUSEO ANDRÉS DEL CASTILLO|El Museo Andrés Del Castillo presenta una colección que consta exclusivamente de minerales cristalizados que van desde miniaturas, especímenes de gabinete, hasta piezas de museo de extraordinaria calidad
MUSEO DE ARTES Y TRADICIONES POPULARES|Declarado Patrimonio Cultural Inmueble Colonial y Republicano por R.S. No. 131-1958-ED del 17 de abril de 1958
MUSEO DE ARTES Y TRADICIONES POPULARES|En la década de 1940, el Dr. José de la Riva Agüero restauró la casa y a su muerte, según disposiciones de su testamento, el inmueble fue donado a la Pontificia Universidad Católica del Perú.
MUSEO DE ARTES Y TRADICIONES POPULARES|El Museo cuenta actualmente con una de las más importantes colecciones etnográficas del Perú, con más de 7,000 piezas, entre las cuales figuran cruces, retablos, pinturas, cerámicos
PARQUE DE LA RESERVA - CIRCUITO MÁGICO DEL AGUA|Es el primer parque y espacio público de Lima en presentar motivos ornamentales autóctonos y propios de la identidad peruana, elaborados por artistas indigenistas como el pintor José Sabogal y el escultor Daniel Vásquez
PARQUE DE LA RESERVA - CIRCUITO MÁGICO DEL AGUA|Como Circuito Mágico del Agua: -Ostenta el Récord Guiness como el Complejo de Fuentes más grande del mundo y la fuente más alta del mundo, en un parque público.
PARQUE DE LA RESERVA - CIRCUITO MÁGICO DEL AGUA|Este importante parque armoniza el homenaje a nuestra juventud que se sacrificó en la gesta final de la Guerra del Pacífico con el homenaje a nuestra cultura autóctona, expresados en espacios como el Pabellón Incaico de José Sabogal. 
PINACOTECA MUNICIPAL IGNACIO MERINO|Muestra de colecciones únicas de acuarelas de Pancho Fierro y óleos de Ignacio Merino.
PINACOTECA MUNICIPAL IGNACIO MERINO|La Sala del Arte Peruano, la cual exhibe parte de las 576 obras más emblemáticas de los siglos XVII, XIX y XX. 
PINACOTECA MUNICIPAL IGNACIO MERINO|La Sala del Arte Peruano, la cual exhibe parte de las 576 obras más emblemáticas de los siglos XVII, XIX y XX. 
BASÍLICA CATEDRAL DE LIMA|Es la edificación patrimonial que concentra más estilos arquitectónicos, identificándose estilos gótico, barroco, renacentista, neoclásico y neocolonial; además de contar con la mayor continuidad de construcción de Lima
BASÍLICA CATEDRAL DE LIMA|Lugar donde se hallan los restos de Francisco Pizarro, fundador de la ciudad de Lima, y de Nicolás de Ribera “El Viejo”, primer alcalde de Lima.
BASÍLICA CATEDRAL DE LIMA|Guarda parte de las reliquias de Santo Toribio de Mogrovejo, Santa Rosa de Lima y San Francisco Solano.
BASÍLICA CATEDRAL DE LIMA|Alberga vestiduras y ornamentos de San Juan Pablo II y del Papa Juan XXIII.
BASÍLICA CATEDRAL DE LIMA|Declarado Patrimonio Cultural de la Nación, el 28 de diciembre de 1972, mediante RS 2900.
CASA ASPÍLLAGA – Centro Cultural Inca Garcilaso de la Vega|La planta estructural de la casa Aspíllaga es de tipo casa patio, que se originó con las antiguas casas solariegas griega y romana, estilo que fue desarrollado en la arquitectura civil de Lima.
CASA ASPÍLLAGA – Centro Cultural Inca Garcilaso de la Vega|Reconocido como Patrimonio Cultural de la Nación, mediante R. S. Nº 2900-72-ED, del 23 de enero de 1973.
CASA ASPÍLLAGA – Centro Cultural Inca Garcilaso de la Vega|Presenta un buen estado de conservación y de los materiales, gracias a los trabajos de restauración y conservación realizados por la Escuela Taller de Lima, entre los años 1999 y 2005
CASA DEL OÍDOR|El 28 de julio de 1821, el Gral. José de San Martín y su Estado Mayor, dieron su histórico “balconazo”, en la Casa del Oídor, para recibir la aclamación popular, luego de proclamar la Independencia Nacional.
CASA DEL OÍDOR|La Casa del Oídor es considerada la edificación más antigua, de las que circundan la Plaza Mayor de Lima.
CASA DEL OÍDOR|Reconocido como Patrimonio Cultural Inmueble Colonial, mediante R. S. Nº 505-1974-ED, el 14 de noviembre de 1974.
CASA DEL OÍDOR|Su estado actual es regular, ya que no son apreciables las estructuras y divisiones internas del inmueble, sobretodo del segundo nivel.
CASA MUSEO MIGUEL GRAU|La segunda planta del inmueble fue el hogar del “Peruano del Milenio”, desde 1867 hasta 1879, durante la Guerra del Pacífico.
CASA MUSEO MIGUEL GRAU|La cuadra donde está ubicada es la única del Centro Histórico de Lima que conserva sus balcones de cajón y la Casa Grau es la única que se encuentra abierta al público.
CASA MUSEO MIGUEL GRAU|Declarado Monumento Histórico, mediante Resolución Suprema Nº 2900-72-ED, publicada en el diario oficial El Peruano el martes 23 de enero de 1973.
CASA MUSEO MIGUEL GRAU|Su estado actual es bueno, ya que conserva la estructura y materiales según su diseño y construcción original.            
Casa Riva Agüero – Museo de Artes y Tradiciones Populares|La colección Jiménez Borja, conformada por máscaras, instrumentos musicales y cerámicas de diversas festividades, así como mates burilados y grabaciones de relatos orales, recolectadas desde la segunda mitad del siglo pasado, es una de las colecciones etnográficas más importantes del Perú
Casa Riva Agüero – Museo de Artes y Tradiciones Populares|Declarado Patrimonio Cultural Inmueble Colonial y Republicano por R. S. Nº 131-1958-ED del 17 de abril de 1958.
Casa Riva Agüero – Museo de Artes y Tradiciones Populares|El esatdo actual es bueno, la casa Riva Agüero mantiene la estructura arquitectónica y sus cimientos y materiales en buen estado de conservación.
CONJUNTO MONUMENTAL SAN FRANCISCO DE LIMA|Llamado así en honor a San Francisco de Asís
CONJUNTO MONUMENTAL SAN FRANCISCO DE LIMA|Las “Catacumbas” de San Francisco de Lima están conformadas por una red de criptas sepulcrales interconectadas, construidas bajo el pavimento de la iglesia. Estas criptas sepulcrales, popularmente conocidas como “Catacumbas” por recordar a las romanas, son las únicas en Lima en estar interconectadas, formando un laberinto de cámaras, bóvedas y pasillos que han devenido en el principal atractivo turístico del Conjunto Monumental San Francisco de Lima. Fueron construidas con ladrillo y argamasa de cal, a lo largo del siglo XVII, y se calcula en 30 mil el número de sepultados.
CONJUNTO MONUMENTAL SAN FRANCISCO DE LIMA|Conserva un importante patrimonio de azulejos, tanto sevillanos como criollos, distribuidos en el Claustro Principal, Portería, Anteportería, Sala de Recibo, y Sala Capitular; por lo que el Conjunto Monumental San Francisco de Lima es el repositorio más importante de azulejos españoles y limeños de todo el Perú. Para su reconocimiento como Patrimonio de la Humanidad en 1988, Unesco destaca en el Criterio II (Ser la manifestación de un intercambio considerable de valores humanos durante un determinado período o en un área cultural específica, en el desarrollo de la arquitectura, las artes monumentales, la planificación urbana o el diseño paisajístico): “Es significativo que se haya establecido un taller de azulejos en el convento, el cual ejerció una influencia artística tan considerable en el Virreinato del Perú, en los siglos XVII y XVIII”.
CONJUNTO MONUMENTAL SAN FRANCISCO DE LIMA|La Sala Capitular del Convento de San Francisco fue el lugar donde el Clero realizó la Jura de la Independencia Nacional. Los documentos de época que validan esta aseveración han desaparecido, pero su memoria pervive en la comunidad franciscana, como lo indica el Padre Alberto de Santa María en un artículo inédito, donde narra que el 29 de julio de 1821, en la Sala Capitular del convento de San Francisco, se reunieron los clérigos de esta casa, junto a los de Los Descalzos y del Colegio de San Buenaventura, para debatir el asunto de la independencia, luego de lo cual se procedieron a juramentar con las siguientes palabras: “Juráis a Dios y a la Patria sostener y defender con vuestra opinión, persona y propiedades la independencia del Perú del gobierno español y de cualquier otra extranjera”.
CONJUNTO MONUMENTAL SAN FRANCISCO DE LIMA|Declarado Patrimonio Cultural de La Humanidad por la Unesco, el 09 de diciembre de 1988 en la XII sesión realizada en Brasilia. “San Francisco de Lima es un ejemplo excepcional, y de los más completos, de un conjunto conventual de la época colonial en América Latina”.
CONJUNTO MONUMENTAL SAN FRANCISCO DE LIMA|El convento de San Francisco de Lima fue reconocido como Casa Pontificia, según bula firmada en Roma el 29 de setiembre de 1668, por el Papa Clemente X, ostentando el escudo pontificio como símbolo de propiedad en la fachada de la iglesia.
CONJUNTO MONUMENTAL SAN FRANCISCO DE LIMA|Declarado Patrimonio Cultural de la Nación, el 17 de setiembre de 1941, mediante RS 1576-1941; es el primer monumento de la ciudad de Lima protegido legalmente.
CONJUNTO MONUMENTAL SAN FRANCISCO DE LIMA|Su estado actual es bueno, ya que el conjunto y la estructura arquitectónica es distinguible, al igual que sus componentes interiores. En este sentido, la UNESCO, a través de su publicación “40 años de la Convención de Patrimonio Mundial”, de 2012, señala que el emblemático Convento de San Francisco se encuentra en buen estado de conservación.
CONJUNTO MONUMENTAL SAN FRANCISCO DE LIMA|El reconocimiento inicial como Patrimonio Cultural de la Humanidad del Conjunto Monumental de San Francisco, en 1988, produjo la extensión de este reconocimiento a una parte del Centro Histórico de Lima, en 1991. 
CONJUNTO MONUMENTAL SAN FRANCISCO DE LIMA|Es el museo más visitado por los turistas extranjeros, en el Centro Histórico de Lima.
CONVENTO DE SANTO DOMINGO DE LIMA|Llamado así en honor a Santo Domingo de Guzman 
CONVENTO DE SANTO DOMINGO DE LIMA|Santo Domingo es la primera iglesia y convento de la ciudad de Lima.
CONVENTO DE SANTO DOMINGO DE LIMA|Llamada el “Convento de los Santos Peruanos”, por albergar restos y reliquias de Santa Rosa de Lima, San Martín de Porres y San Juan Macías.
CONVENTO DE SANTO DOMINGO DE LIMA|Fue la sede inicial de la primera universidad del continente, la Universidad Nacional Mayor de San Marcos, en 1551.
CONVENTO DE SANTO DOMINGO DE LIMA|Su cúpula es de las más altas de las edificaciones religiosas del Centro Histórico de Lima y por mucho tiempo fue la edificación más alta de la ciudad.
CONVENTO DE SANTO DOMINGO DE LIMA|En su Sala de Recibo, José Bernardo Alcedo compuso las notas musicales del Himno Nacional del Perú.
CONVENTO DE SANTO DOMINGO DE LIMA|Declarado Patrimonio Cultural de la Nación, el 28 de diciembre de 1972, mediante RS 2900.
MERCADO CENTRAL (Mercado Municipal Gran Mariscal Ramón Castilla)|El Mercado Central de Lima es pionero y uno de los primeros de su tipo en Sudamérica.
MERCADO CENTRAL (Mercado Municipal Gran Mariscal Ramón Castilla)|Buen estado de conservación, ya que son apreciables y distinguibles las divisiones y materiales de edificación
MERCADO CENTRAL (Mercado Municipal Gran Mariscal Ramón Castilla)|Tiene Aprox. más de 1 millón de personas al año, estimado que suma todos los tipos de visitantes (extranjeros y nacionales)
MUSEO DE LOS COMBATIENTES DEL MORRO DE ARICA|Inmueble donde nació el héroe peruano Francisco Bolognesi en 1816
MUSEO DE LOS COMBATIENTES DEL MORRO DE ARICA|Inmueble reconocido como Monumento Histórico, mediante Ley N° 13939, publicada el 02 de febrero de 1962
MUSEO DE LOS COMBATIENTES DEL MORRO DE ARICA|Buen estado de conservación; cuidados y mantenimiento a cargo del Ejército del Perú
MUSEO DE SITIO BODEGA Y QUADRA|Nombre del propietario, el marino Juan de la Bodega y Quadra, descubridor de Vancouver, Canadá.
MUSEO DE SITIO BODEGA Y QUADRA|Es el único yacimiento arqueológico colonial y republicano, que muestra una casa republicana restaurada, en el Centro Histórico de Lima, que un tiempo perteneció a los jesuitas (hay un arco restaurado con la inscripción de esta orden). Debajo de esta casa hay restos de otra casa colonial donde se ha establecido un yacimiento arqueológico en el cual se ha encontrado restos de cerámica ming, sevillana, inglesa y médici; así como aretes oro, rubíes, objetos de cuero y madera de la época prehispánica y colonial.
MUSEO DE SITIO BODEGA Y QUADRA|Declarado Patrimonio Cultural de la Nación por Resolución Directoral Nacional 1327/INC/2004
MUSEO DE SITIO BODEGA Y QUADRA|Situado en el Damero de Pizarro del Centro Histórico de Lima, zona reconocida por la UNESCO como Patrimonio Cultural de la Humanidad.
MUSEO DE SITIO BODEGA Y QUADRA|El estado actual es bueno, basado en los trabajos de excavación y restauración realizados entre 2010 y 2012, en virtud del acuerdo firmado entre la Municipalidad de Lima, la Agencia Española de Cooperación Internacional para el Desarrollo (AECID) y la Escuela Taller de Lima. El mantenimiento y cuidados se hallan a cargo de la Municipalidad de Lima
MUSEO ETNOGRÁFICO AMAZÓNICO “JOSÉ PÍO AZA”|"El Museo Etnográfico Amazónico ""José Pío Aza"" es el único museo etnográfico y el más completo de su tipo, sobre las etnias amazónicas de Madre de Dios, a nivel nacional."
MUSEO ETNOGRÁFICO AMAZÓNICO “JOSÉ PÍO AZA”|"Inmueble que alberga el Museo Etnográfico Amazónico "" José Pío Aza"" fue reconocido como Patrimonio Cultural de la Nación, mediante R. J. N° 515-89-INC/J, publicado el 15/10/1989"
MUSEO ETNOGRÁFICO AMAZÓNICO “JOSÉ PÍO AZA”|Presenta un muy buen estado de conservación del inmueble. Conservación, cuidados y mantenimiento a cargo de la Orden de los Dominicos
MUSEO METROPOLITANO DE LIMA|Es el primer museo de Lima Metropolitana y del Perú, en contar salas audiovisuales y hologramas que exponen la historia de nuestra ciudad.
MUSEO METROPOLITANO DE LIMA|El inmueble fue reconocido como Patrimonio Cultural de la Nación mediante R. J. Nº 159-90-INC/J, publicada el 17 de abril de 1990.
MUSEO METROPOLITANO DE LIMA|Buen estado de conservación del inmueble y de los distintos ambientes del museo, teniendo en cuenta lo relativamente moderno del recinto y de las exposiciones audiovisuales. El mantenimiento y la conservación esta a cargo de la Municipalidad Metropolitana de Lima
MUSEO MUNICIPAL DE TEATRO|Primer museo de teatro del Perú.
MUSEO MUNICIPAL DE TEATRO|Sus salas muestran una colección que comprende más de 100 años de historia del teatro, realizados en escenarios limeños
MUSEO MUNICIPAL DE TEATRO|Su estado actual es bueno, mantiene en buen estado su estructura, materiales e instalaciones.
PALACIO ARZOBISPAL DE LIMA|Es la primera edificación de estilo neo-colonial académico de la ciudad de Lima, integrando caracteres de arquitectura virreinal limeña con trazos modernos.
PALACIO ARZOBISPAL DE LIMA|Como sede simbólica de la Arquidiócesis de Lima, desde su balcón, el Papa Francisco I se dirigió a la multitud emplazada en la Plaza Mayor de Lima, durante su visita al Perú.
PALACIO ARZOBISPAL DE LIMA|Declarado Patrimonio Cultural de la Nación el 23 de enero de 1973, mediante RS 2900.
PALACIO ARZOBISPAL DE LIMA|Bueno, es una de las edificaciones patrimoniales más modernas frente a la Plaza Mayor de Lima.
PALACIO MUNICIPAL DE LIMA|Alberga el original Acta de Fundación de Lima, redactada el día de su fundación, el 18 de enero de 1535. También guarda el Acta Original de la Independencia Nacional, que cuenta con las firmas de 3204 habitantes de Lima, fechadas en julio de 1821. Este histórico documento fue restaurado en 1981 en el Vaticano.
PALACIO MUNICIPAL DE LIMA|La importante Biblioteca Municipal de Lima cuenta más de 15 mil libros y sus históricas publicaciones datan desde 1534 hasta 1834. También conserva los tinteros de plata que se usaron para la suscripción del Acta de la Independencia y una llave de plata de la ciudad, donada por el virrey Abascal.
PALACIO MUNICIPAL DE LIMA|Destaca también la Pinacoteca Municipal Ignacio Merino, que atesora la colección de pintura republicana más grande del Perú, conservando en la actualidad 36 cuadros del reconocido pintor. Es la más importante pinacoteca nacional a nivel de municipalidades.
PALACIO MUNICIPAL DE LIMA|Exhibe parte de una columna de mármol cipelino, donado en 1976 por la ciudad de Roma y del cual se presume que perteneció al palacio de verano del Emperador Nerón.
PALACIO MUNICIPAL DE LIMA|Reconocido como Monumento Nacional por R. J. Nº 159-90-INC/J, el 17 de abril de 1990.
PALACIO MUNICIPAL DE LIMA|Ubicado en la zona del Centro Histórico de Lima, reconocida por la UNESCO como Patrimonio Cultural de la Humanidad el 12 de diciembre de 1991 en la XV sesión del Comité de Patrimonio Mundial realizada en Cartago, Túnez
PALACIO MUNICIPAL DE LIMA|Presenta un buen estado de conservación, la arquitectura, estructura, instalaciones y ambientes se hallan en óptima situación; al ser la sede principal de la Municipalidad de Lima, esta entidad se encarga de su buen estado de mantenimiento.
PALACIO TORRE TAGLE|Es una de las mejores y más representativas casonas de la época virreinal en Lima.
PALACIO TORRE TAGLE|Los particulares balcones del Palacio Torre Tagle constituyen un ícono de Lima, elaborados entre 1733 y 1740, conjugan una mezcla de estilos, fiel al espíritu ecléctico de Lima, con moldes mudéjar, barroco y criollo.
PALACIO TORRE TAGLE|Reconocido como Patrimonio Cultural de la Nación, mediante R. S. Nº 2900-72-ED, del 23 de enero de 1973.
PALACIO TORRE TAGLE|Presenta un buen estado de conservación y de los materiales, gracias a los trabajos de restauración y conservación realizados en el palacio, por el arquitecto español Andrés Boyer, entre 1954 y 1956. Asimismo, los icónicos balcones recibieron tratamiento de restauración en 1993
PALACIO TORRE TAGLE|Presenta el nombre del propietario José Bernardo de Torre Tagle
QUINTA HEEREN |Es la más grande exponente de la arquitectura doméstica republicana del siglo XIX, puesto que presenta una morfología urbana y características tipológicas únicas, excepcionales e irrepetibles: su ingreso por el jirón Junín es resultado de una operación urbanística singular y los chalets paisajistas en el sector del bosque resultan edificaciones únicas en su género en la Lima del siglo XIX, al ser edificaciones paisajistas de varios frentes y emplazamiento de tipología “villa campestre”.
QUINTA HEEREN |Toma el nombre del arquitecto Oscar Heeren 
QUINTA HEEREN |Fue vivienda de José Pardo y Barreda, Presidente del Perú entre 1904-1908, y entre 1914-1918.
QUINTA HEEREN |La Quinta Heeren se ubica dentro del perímetro de máxima protección patrimonial, reconocido por la UNESCO, según la Decisión 15COM XV.E, como Patrimonio de la Humanidad en 1991, en mérito a sus valores universales excepcionales dentro del Centro Histórico de Lima.
QUINTA HEEREN |Asimismo, se ubica en el perímetro del área reconocida como Centro Histórico de Lima, Zona Monumental protegida según la Resolución Suprema N° 2900 de 1972.
QUINTA HEEREN |Lugar de la primera academia de pintura al aire libre de Lima, entre 1906 y 1916, dirigida por el pintor nacional Teófilo Castillo.
QUINTA HEEREN |Sede de las embajadas diplomáticas de Francia, Alemania, Estados Unidos, Japón y Bélgica; antes de 1929
QUINTA HEEREN |La Quinta Heeren ha perdido en los últimos 40 años, el 85% de su masa vegetal de casi tres hectáreas: del frondoso bosque que tuvo hoy solo quedan unos cuantos árboles en pie.
QUINTA HEEREN |Las edificaciones que conforman los tres sectores de la Quinta también se encuentran deteriorados.
SANTUARIO Y MONASTERIO DE LAS NAZARENAS|El Virrey Manuel Amat, protector de la congregación Nazarena, supervisó la edificación del santuario.
SANTUARIO Y MONASTERIO DE LAS NAZARENAS|El Señor de los Milagros es la imagen religiosa más venerada del Perú y sus procesiones están entre las más numerosas del mundo.
SANTUARIO Y MONASTERIO DE LAS NAZARENAS|La característica túnica y/o hábito morado proviene de la vestimenta de la Madre Antonia del Espíritu Santo, madre fundadora y directora de las Religiosas Nazarenas Carmelitas Descalzas, orden religiosa a cargo del monasterio.
SANTUARIO Y MONASTERIO DE LAS NAZARENAS|Declarado Patrimonio Cultural de la Nación, el 28 de diciembre de 1972.
SANTUARIO Y MONASTERIO DE LAS NAZARENAS|La Capilla de la Reconciliación ha sido galardonada por su belleza arquitectónica, recibiendo en 1992 el “Hexágono de Oro” en la VIII Bienal de Arquitectura, convocada por el Colegio de Arquitectos del Perú. También en 1993 ganó la Bienal de Arquitectura de Quito.
SANTUARIO Y MONASTERIO DE LAS NAZARENAS|La característica túnica y/o hábito morado proviene de la vestimenta de la Madre Antonia del Espíritu Santo, madre fundadora y directora de las Religiosas Nazarenas Carmelitas Descalzas, orden religiosa a cargo del monasterio.
SANTUARIO Y MONASTERIO DE LAS NAZARENAS|El estado actual es bueno, la estructura arquitectónica es fácilmente distinguible y sus componentes presentan solidez.
PARQUE DE LA MURALLA|Es el parque con mayor área verde y lugar de esparcimiento más grande en la zona central del Centro Histórico de Lima.
PARQUE DE LA MURALLA|Ubicado en la zona monumental reconocida como Patrimonio Cultural de la Humanidad por la UNESCO.
PARQUE DE LA MURALLA|Declarado Patrimonio Cultural Inmueble Colonial y Republicano, según RD Nº 122-2004- INC.
PARQUE DE LA MURALLA|Su estado actual es bueno, el parque mantiene sus estructuras, divisiones y materiales constructivos en buen estado. 
TEATRO MUNICIPAL DE LIMA|El Teatro Municipal de Lima es uno de los principales edificios culturales del Centro Histórico de Lima
TEATRO MUNICIPAL DE LIMA|Declarado Patrimonio Cultural Inmueble Colonial y Republicano mediante R. J. Nº 159-90-INC/J, publicado el 17 de abril de 1990.
TEATRO MUNICIPAL DE LIMA|Luego de ser reinaugurado en 2010, se halla en buen estado de conservación, tanto en su infraestructura como en sus materiales componentes y espacios.
MUSEO NUMISMÁTICO DEL PERÚ |Cuenta con una extensa colección que incluye desde las primeras monedas llegadas a América con los conquistadores, hasta las más recientes acuñaciones.
 MUSEO ELECTORAL Y DE LA DEMOCRACIA|Objetos originales que datan desde 1828 asimismo con un resumen de la labor que, en el presente, realiza el JNE.
 MUSEO DE ARTE ITALIANO|Desarrollan unos ejercicios para que el público pueda descubrir el museo de manera didáctica.
MUSEO ETNOGRAFICO DEL C.C JOSÉ PÍO AZA|El Museo esta al servicio de la investigación, la conservación y la educación sobre los pueblos y etnias de nuestra Amazonía.
CASA MUSEO DE LA LITERATURA|Conforma un recorrido a través de la memoria literaria de nuestro país desde la época prehispánica hasta la actual.
MUSEO DE ARQUEOLOGÍA Y ANTROPOLOGÍA UNMSM|"Tiene un valioso patrimonio documental: el ""Archivo Tello ""y el ""Archivo Rebeca Carrión Cachot"" a su disposición."
PLAZA SAN MARTÍN|Declarado Patrimonio Cultural Inmueble por Resolución Suprema No. 2900 el 28 de diciembre de 1972.
MUSEO POSTAL Y FILATÉLICO DEL PERÚ|Es uno de los museos más antiguos en su género existente en el continente americano.
MUSEO JOSEFINA RAMOS DE COX|Ubicado en el Centro Histórico de Lima, dentro de la zona reconocida por la UNESCO como Patrimonio Cultural de la Humanidad.
PARQUE DE LA EXPOSICIÓN DE LIMA|Uno de los parques de Lima más emblemáticos y además patrimonio cultural de Perú desde 2006
MUSEO GRÁFICO DEL DIARIO EL PERUANO|Exhiben las máquinas utilizadas en los talleres del diario desde del siglo XIX y que han sido declaradas como bienes pertenecientes al Patrimonio Cultural de la Nación.
BARRIO CHINO|Tiene como finalidad rescatar el legado cultural que la colonia china ha aportado a través de la historia al Perú.
BARRIO CHINO|La portada tipo pagoda fue diseñada por el arquitecto Kuoway Ruiz 
BARRIO CHINO|Se asentaron los inmigrantes chinos a mediados del siglo XIX, ya que en esa época el país pasó por un gran auge económico debido a la explotación del guano y del salitre. 
MUSEO NUMISMÁTICO DEL BANCO DE CRÉDITO DEL PERÚ|En Lima uno de los sitios más visitados es el Museo Numismático Del Banco De Crédito Del Perú
MUSEO NUMISMÁTICO DEL BANCO DE CRÉDITO DEL PERÚ|El edificio donde se ubica fue declarado por el INC como Patrimonio Cultural Inmueble Republicano según R.S. No. 505-1974-ED con fecha 14/11/1974
MUSEO NUMISMÁTICO DEL BANCO DE CRÉDITO DEL PERÚ|Expone al público, una colección de billetes que han circulado a lo largo de nuestra historia, desde los emitidos durante el Protectorado del Libertador José de San Martín hasta la fecha
PLAZA DOS DE MAYO|Conforman la Plaza su pedestal, con ancha base escalonada, la cual además de representar en bajo relieve heroicos momentos del combate, presenta esculturas femeninas, que simbolizan a las repúblicas de Bolivia, Chile y Ecuador, que se solidarizaron con el Perú ante el intento español
PLAZA DOS DE MAYO|Se encuentra la escultura que simboliza al Perú, que envuelve su cuerpo con la bandera nacional
PLAZA DOS DE MAYO|Fue construido por el gobierno peruano en conmemoración del Combate del Callao, que se produjo el 2 de mayo de 1866, el cual significó el fin de la intromisión española en América
PLAZA DOS DE MAYO|Declarado Ambiente Urbano Monumental por el INC mediante R.S. No. 2900 el 23/01/1973.
MUSEO DE ANTROPOLOGÍA Y ARQUEOLOGÍA DE LA UNIVERSIDAD NACIONAL FEDERICO VILLARREAL| Expone variados objetos de las culturas Chancay, Chavín, Mochica y Nazca, así como representaciones de templos y palacios prehispánicos, etc.
MUSEO DE ANTROPOLOGÍA Y ARQUEOLOGÍA DE LA UNIVERSIDAD NACIONAL FEDERICO VILLARREAL|Se hallan representaciones en tamaño real de la cultura Chavín, tales como el Obelisco Tello, el Lanzón Tello, el Guerrero y la Puya Raimondi, planta autóctona de la región Ancash.  (piezas originales)
MUSEO DE ANTROPOLOGÍA Y ARQUEOLOGÍA DE LA UNIVERSIDAD NACIONAL FEDERICO VILLARREAL|Se hallan  representaciones de tamaño natural de los frisos que graficaban prisioneros de la cultura Sechín y del Muro de la Sala del Convento de Santo Domingo del Cusco.
PLAZA PERÚ|La Plaza posee un pasadizo por el cual se accede al conjunto de piletas, las cuáles emiten secuencias sincronizadas de chorros de agua
PLAZA PERÚ|Durante la noche se muestran juegos de luces rojas y blancas, en alusión a la Bandera Nacional.
PLAZA PERÚ|Anteriormente se le denominaba Plazuela Pizarro, ya que allí se ubicaba la estatua ecuestre del conquistador español Francisco Pizarro
MUSEO LEGIÓN DE CABALLERÍA DEL PERÚ|Reconociemiento Institucional por ser la sucesora de la autentica tradicon de las huestes patrioticas.Resolucón Ministerial N· 2110-SGMG-G
MUSEO LEGIÓN DE CABALLERÍA DEL PERÚ|Cuenta con piezas que dantan del siglo XIX
MUSEO LEGIÓN DE CABALLERÍA DEL PERÚ|Cuentan con una biblioteca con imnumerables libros históricos, sala de recepciones y auditorio.
MERCADOS ARTESANALES LA MARINA|Actualmente existen 7 mercados, cada uno cuenta con aproximadamente 40 stands artesanales conformando la Asociación De Artesanos De La Av. La Marina
MERCADOS ARTESANALES LA MARINA|Declarado Zona Turítstica.
MERCADOS ARTESANALES LA MARINA|Comersializan artesanías de todo el Perú.
PARQUE DE LAS LEYENDAS|Es el zoológico más grande de Lima, con especies animales y vegetales típicas del país y de otras partes del mundo
PARQUE DE LAS LEYENDAS|Brinda la oportunidad de conocer nuestras riquezas naturales de las tres regiones, todo en un solo lugar
PARQUE DE LAS LEYENDAS|Resolución Nº 800/INC: Declaran Patrimonio Cultural de la Nación el Complejo Arqueológico Maranga, ubicado en los terrenos del Parque de las Leyendas, de fecha 31 de octubre de 2003. Es el parque cultural más grande de Lima Metropolitana
BOSQUE EL OLIVAR DE SAN ISIDRO|El Bosque del Olivar es el primer bosque de olivos del Perú
BOSQUE EL OLIVAR DE SAN ISIDRO|Cumple la función de ser un gran pulmón ecológico para el distrito de San Isidro y la ciudad de Lima. 
BOSQUE EL OLIVAR DE SAN ISIDRO|El 16 de diciembre de 1959, mediante resolución suprema Nº577, se le declara Monumento Nacional
BOSQUE EL OLIVAR DE SAN ISIDRO|Ha sido mudo testigo del transcurrir de nuestra historia ya que data de épocas de la Colonia. 
MUSEO DE ARTE CONTEMPORÁNEO DE LIMA MAC-LIMA|La colección abarca el expresionismo abstracto, arte geométrico, constructivismo, arte conceptual, arte óptico y obras influenciadas por el surrealismo y el arte pop
MUSEO DE ARTE CONTEMPORÁNEO DE LIMA MAC-LIMA|Tiene obras de las últimas décadas de artistas peruanos y extranjeros. 
MUSEO DE ARTE CONTEMPORÁNEO DE LIMA MAC-LIMA|Reconocida como Patrimonio Cultural de la Nación por el Ministerio de Cultura, mediante Oficio 041-2011 RNIBIPCN-DG/MC
MALECÓN GRAU|En el 2do nivel del malecón se encuentra una gruta con la imagen de la Virgen de Lourdes.
MALECÓN GRAU|Tiene una extensión de 300 metros de largo y viene a ser como un mirador natural.
MALECÓN GRAU|Además por la noche está bien iluminado y existe seguridad las 24 horas del día.
MIRADOR CATALINA RECAVARREN|Se encuentra en la zona monumental de Barranco por resolución ministerial R.D.N Nº 405-2007-INC el 28 de Marzo del 2007, el cual se publico el 14 de Abril del 2007
MIRADOR CATALINA RECAVARREN|Este importante atractivo turístico, forma parte del circuito turístico del distrito
MIRADOR CATALINA RECAVARREN|Está incluido dentro del proyecto MEJORAMIENTO E INSTALACIÓN DE LOS SERVICIOS TURISTICOS Y PÚBLICOS DE LA RUTA TURISTICA DESCUBRIENDO BARRANCO – DISTRITO BARRANCO
MUSEO DE SITIO ANDRES AVELINO CACERES|Se guardan los vestigios y vivencias de la Batalla de Miraflores de 1881
MUSEO DE SITIO ANDRES AVELINO CACERES|Es una construcción que data del año 1994 y es fiel réplica de la estación ferroviaria de Miraflores del Ferrocarril Lima - Chorrillos
MUSEO DE SITIO ANDRES AVELINO CACERES|En el año 2019, la Municipalidad de Miraflores inauguró dentro del museo, la sala de exposición de arte contemporáneo Reducto N°2
CAMPO DE MARTE|Dentro del campo de marte se encuentra el Monumento a a los Defensores de la Frontera Norte y Oriente 1941 (Monumentos a los caidos del 41)
CAMPO DE MARTE|Inaugurado el 31 de Julio de 1966 que se encuentra ubicado en el centro del majestuoso Campo de Marte y que consta de 28 figuras en total.
CAMPO DE MARTE|La ejecución del referido monumento corresponde al escultor peruano Don Artemio Ocaña, quien ganó el concurso internacional, promovido por la Academia Internacional Prontzen de Licencias y Artes de Napoles-Italia, entre artistas de 25 naciones
PARQUE ITZHAK RABIN|Sus veredas y flores forman una gigantesca estrella de David.
PARQUE ITZHAK RABIN|Construido por la Municipalidad con la participación de la embajada Israelí, en homenaje al líder Israelí que fuera premio nobel de la Paz en el año 1994
PARQUE ITZHAK RABIN|El parque cuenta con dos niveles
PARQUE ALBERTO ANDRADE CARMONA (PARQUE DEL AMOR)|Está inspirado en San Valentín o Día de los Enamorados
PARQUE ALBERTO ANDRADE CARMONA (PARQUE DEL AMOR)|Presenta una escultura en el centro cuyo nombre es El Beso, obra realizada por el artista Víctor Delfín. 
PARQUE ALBERTO ANDRADE CARMONA (PARQUE DEL AMOR)|La escultura principal simboliza el amor y que está representado por una joven pareja mostrándose en plena y sugestiva caricia
PARQUE RAIMONDI|Nombre en honor a Antonio Raimondi, considerado el “Moderno descubridor del Perú”
PARQUE RAIMONDI|Dirigido en honor a Don Antonio Raimondi, fue un prominente investigador, naturalista, geógrafo, explorador, escritor y catedrático italiano (su especialidad flora y geología peruana)
PARQUE RAIMONDI|El monumento está trabajado en bronce y representa dos estelas o figuras que semejan a un lanzón unidas en un solo símbolo
PARQUE MARÍA REICHE|Fue creado en el año 1991 con una extensión de cuatro hectáreas con la finalidad de embellecer el paisaje urbanístico miraflorino
PARQUE MARÍA REICHE|La Municipalidad Distrital de Miraflores ha instalado mangueras led de color amarillo, conectadas mediante uniones de polietileno y sostenidas sobre pequeñas estacas alrededor de las líneas.
PARQUE MARÍA REICHE|El parque ha puesto en funcionamiento el sistema de iluminación que permite observar por las noches todo el esplendor de las líneas formadas con flores creando una atmósfera especial.
PARQUE TRADICIONES|Presenta una escultura de Don Ricardo Palma cuya peculiaridad es la de estar sentado en una de las bancas del parque como cualquier vecino miraflorino.
PARQUE TRADICIONES|El parque fue habilitado en un área de 12,877 m2 y posee alrededor de 9 mil metros de áreas verdes con ocho mil flores de estación, 21 árboles jacarandá y 10 palmeras robelini
PARQUE TRADICIONES|La escultura principal ha sido realizada por la escultora peruana Nani Cárdenas
LUGAR DE LA MEMORIA, LA TOLERANCIA Y LA INCLUSIÓN SOCIAL - LUM|Es un espacio del Ministerio de Cultura que ofrece actividades culturales, de aprendizaje, investigación y conmemoración para dialogar en torno a temas de derechos humanos.
LUGAR DE LA MEMORIA, LA TOLERANCIA Y LA INCLUSIÓN SOCIAL - LUM|El LUM promueve un juicio crítico y objetivo hacia discursos violentistas que vulneren la integridad de la persona. 
LUGAR DE LA MEMORIA, LA TOLERANCIA Y LA INCLUSIÓN SOCIAL - LUM|Actualmente recibe mantenimiento constante encargado por el personal asignado por la administración del Lugar de la Memoria, la Tolerancia y la Inclusión Social.
PARQUE DOMODOSSOLA|En recuerdo a la localidad italiana en los Alpes, donde falleció el primer aviador peruano Jorge Chávez (honrando su nombre en el más importante Aeropuerto del Perú)
PARQUE DOMODOSSOLA|Actualmente recibe mantenimiento por parte de la Municipalidad de Miraflores con constante servicio de riego a las áreas verdes y limpieza pública.
PARQUE DOMODOSSOLA|Personas con discapacidad física pueden ingresar ya que consta de rampas de acceso.
