id|touristic_place_id|url
1|BAR CORDANO|https://res.cloudinary.com/virtual-guide/image/upload/v1630182045/XZW6L6HWJFBFZGIKUSI6YH72PM_uqzo0t.jpg
2|BAR CORDANO|https://res.cloudinary.com/virtual-guide/image/upload/v1630182046/8e7eba7451a27ec909db812d143d3774_bkikjp.jpg
3|BAR CORDANO|https://res.cloudinary.com/virtual-guide/image/upload/v1630182049/47452617_1918285244945060_1271868442026180608_n_mixrss.jpg
4|BAR CORDANO|https://res.cloudinary.com/virtual-guide/image/upload/v1630182051/bar-el-cordano-lima_p3stjv.jpg
5|PALACIO DE TORRE TAGLE|https://res.cloudinary.com/virtual-guide/image/upload/v1629664069/foto_1_rihu2q.jpg
6|PALACIO DE TORRE TAGLE|https://res.cloudinary.com/virtual-guide/image/upload/v1629664067/foto_xvswwy.jpg
7|PALACIO DE TORRE TAGLE|https://res.cloudinary.com/virtual-guide/image/upload/v1629663953/foto_swgiit.jpg
8|MUSEO DE ARTE DE LIMA - MALI|https://res.cloudinary.com/virtual-guide/image/upload/v1629664778/foto_2_q450th.jpg
9|MUSEO DE ARTE DE LIMA - MALI|https://res.cloudinary.com/virtual-guide/image/upload/v1629664781/foto_3_a5oqxm.jpg
10|MUSEO DE ARTE DE LIMA - MALI|https://res.cloudinary.com/virtual-guide/image/upload/v1629664784/foto_4_jthqyi.jpg
11|MUSEO HISTORICO MILITAR DE LOS COMBATIENTES DEL MORRO DE ARICA|https://res.cloudinary.com/virtual-guide/image/upload/v1629665287/museo-morro-de-arica_iya3mo.jpg
12|MUSEO HISTORICO MILITAR DE LOS COMBATIENTES DEL MORRO DE ARICA|https://res.cloudinary.com/virtual-guide/image/upload/v1629665373/museo_combatientes_morro_arica-2_cisx4d.jpg
13|MUSEO HISTORICO MILITAR DE LOS COMBATIENTES DEL MORRO DE ARICA|https://res.cloudinary.com/virtual-guide/image/upload/v1629665433/museo_combatientes_morro_arica-4_adwdxo.jpg
14|PARQUE UNIVERSITARIO|https://res.cloudinary.com/virtual-guide/image/upload/v1629668214/foto_5_k2ry4o.jpg
15|PARQUE UNIVERSITARIO|https://res.cloudinary.com/virtual-guide/image/upload/v1629668215/foto_7_swuhhx.jpg
16|PARQUE UNIVERSITARIO|https://res.cloudinary.com/virtual-guide/image/upload/v1629668214/foto_6_jgvbvg.jpg
17|MUSEO DE LA INQUISICIÓN Y DEL CONGRESO DE LA REPÚBLICA|https://res.cloudinary.com/virtual-guide/image/upload/v1629668614/Inquisition_Museum__Lima_fqmc74.jpg
18|MUSEO DE LA INQUISICIÓN Y DEL CONGRESO DE LA REPÚBLICA|https://res.cloudinary.com/virtual-guide/image/upload/v1629668593/images_1_subkpn.jpg
19|MUSEO DE LA INQUISICIÓN Y DEL CONGRESO DE LA REPÚBLICA|https://res.cloudinary.com/virtual-guide/image/upload/v1629668592/images_loi4ky.jpg
20|PALACIO DE JUSTICIA|https://res.cloudinary.com/virtual-guide/image/upload/v1629668934/1600px-Palacio_de_Justicia._Lima__Peru%CC%81._dp5s1o.jpg
21|PALACIO DE JUSTICIA|https://res.cloudinary.com/virtual-guide/image/upload/v1629668935/600px-LeonPJLima_yy0geq.jpg
22|MUSEO DEL BANCO CENTRAL DE RESERVA DEL PERÚ|https://res.cloudinary.com/virtual-guide/image/upload/v1629669224/foto_8_sojplw.jpg
23|MUSEO DEL BANCO CENTRAL DE RESERVA DEL PERÚ|https://res.cloudinary.com/virtual-guide/image/upload/v1629669225/foto_9_tdeqve.jpg
24|MUSEO DEL PALACIO ARZOBISPAL DE LIMA|https://res.cloudinary.com/virtual-guide/image/upload/v1629669517/foto_10_bfxoii.jpg
25|MUSEO DEL PALACIO ARZOBISPAL DE LIMA|https://res.cloudinary.com/virtual-guide/image/upload/v1629669518/foto_11_mghs6f.jpg
26|MATE MUSEO MARIO TESTINO|https://res.cloudinary.com/virtual-guide/image/upload/v1629669903/foto_12_sif5af.jpg
27|MATE MUSEO MARIO TESTINO|https://res.cloudinary.com/virtual-guide/image/upload/v1629669917/HM_9957-1_fachada__1_zcpxac.jpg
28|MATE MUSEO MARIO TESTINO|https://res.cloudinary.com/virtual-guide/image/upload/v1629669918/1723239_vetto7.jpg
29|MATE MUSEO MARIO TESTINO|https://res.cloudinary.com/virtual-guide/image/upload/v1629669919/5d_h0gbm9.jpg
30|MATE MUSEO MARIO TESTINO|https://res.cloudinary.com/virtual-guide/image/upload/v1629669920/810a465c071aef85f8ec848ad808bb89_ze4bid.jpg
31|PLAZA FRANCIA O PLAZA DE LA RECOLETA|https://res.cloudinary.com/virtual-guide/image/upload/v1629670450/foto_13_xovyj6.jpg
32|PLAZA FRANCIA O PLAZA DE LA RECOLETA|https://res.cloudinary.com/virtual-guide/image/upload/v1629670451/plaza-francia_zimeip.jpg
33|PLAZA FRANCIA O PLAZA DE LA RECOLETA|https://res.cloudinary.com/virtual-guide/image/upload/v1629670452/descarga_wib1jt.jpg
34|BIBLIOTECA MUNICIPAL MANUEL BEINGOLEA|https://res.cloudinary.com/virtual-guide/image/upload/v1629671318/foto_14_srurw4.jpg
35|BIBLIOTECA MUNICIPAL MANUEL BEINGOLEA|https://res.cloudinary.com/virtual-guide/image/upload/v1629671319/39568790_3Jwcb9GcnYlIiLLkwPN80XJOmebHFjC3mC1MQ3BVoEc_hkf9uy.jpg
36|PLAZA BOLOGNESI|https://res.cloudinary.com/virtual-guide/image/upload/v1629671604/Plaza_Bolognesi_wkb6yv.jpg
37|PLAZA BOLOGNESI|https://res.cloudinary.com/virtual-guide/image/upload/v1629671605/300px-Lima-Peru-1928-02_n4hfns.jpg
38|PARQUE MUNICIPAL DE BARRANCO|https://res.cloudinary.com/virtual-guide/image/upload/v1629671872/foto_15_o9wdtd.jpg
39|PARQUE MUNICIPAL DE BARRANCO|https://res.cloudinary.com/virtual-guide/image/upload/v1629671874/foto_16_hbyzxg.jpg
40|PARQUE MUNICIPAL DE BARRANCO|https://res.cloudinary.com/virtual-guide/image/upload/v1629671875/foto_17_yufsjd.jpg
41|MUSEO NACIONAL DE ARQUEOLOGÍA, ANTROPOLOGÍA E HISTORIA DEL PERU|https://res.cloudinary.com/virtual-guide/image/upload/v1629672151/foto_19_l9i8jv.jpg
42|MUSEO NACIONAL DE ARQUEOLOGÍA, ANTROPOLOGÍA E HISTORIA DEL PERU|https://res.cloudinary.com/virtual-guide/image/upload/v1629672152/foto_20_djx4zj.jpg
43|MUSEO AMANO|https://res.cloudinary.com/virtual-guide/image/upload/v1629672606/museo-amano_nca2tr.jpg
44|MUSEO AMANO|https://res.cloudinary.com/virtual-guide/image/upload/v1629672652/museo-textiles-amano-Lima-6_kkmzhe.jpg
45|MUSEO AMANO|https://res.cloudinary.com/virtual-guide/image/upload/v1629672654/yoshitaro_amano_01_tnnkx8.jpg
46|MUSEO NACIONAL DE LA CULTURA PERUANA|https://res.cloudinary.com/virtual-guide/image/upload/v1629673578/foto_21_a36dv3.jpg
47|MUSEO NACIONAL DE LA CULTURA PERUANA|https://res.cloudinary.com/virtual-guide/image/upload/v1629673580/foto_22_dcmkfa.jpg
48|MUSEO NACIONAL DE LA CULTURA PERUANA|https://res.cloudinary.com/virtual-guide/image/upload/v1629673581/foto_23_ywiye4.jpg
49|MUSEO DE ARTE DE LA UNIVERSIDAD NACIONAL DE SAN MARCOS|https://res.cloudinary.com/virtual-guide/image/upload/v1629692957/280px-UNMSM-CCSM_Casona_de_la_Universidad_de_San_Marcos__54_pekpbp.jpg
50|MUSEO DE ARTE DE LA UNIVERSIDAD NACIONAL DE SAN MARCOS|https://res.cloudinary.com/virtual-guide/image/upload/v1629692962/MUSEO-DE-ARTE-DE-SAN-MARCOS_ph9ee0.jpg
51|MUSEO DE ARTE DE LA UNIVERSIDAD NACIONAL DE SAN MARCOS|https://res.cloudinary.com/virtual-guide/image/upload/v1629692962/museo_arte_san_marcos_xfyjot.png
52|CASA MUSEO RICARDO PALMA|https://res.cloudinary.com/virtual-guide/image/upload/v1629693363/foto_24_rtwp0d.jpg
53|CASA MUSEO RICARDO PALMA|https://res.cloudinary.com/virtual-guide/image/upload/v1629693364/foto_25_yzstww.jpg
54|CASA MUSEO RICARDO PALMA|https://res.cloudinary.com/virtual-guide/image/upload/v1629693365/foto_26_gbso7y.jpg
55|CASA MUSEO RICARDO PALMA|https://res.cloudinary.com/virtual-guide/image/upload/v1629693366/foto_27_yfhal8.jpg
56|CASA MUSEO JULIA CODESIDO|https://res.cloudinary.com/virtual-guide/image/upload/v1629693849/Captura_de_Pantalla_2021-08-22_a_la_s_23.43.52_v4qazq.png
57|CASA MUSEO JULIA CODESIDO|https://res.cloudinary.com/virtual-guide/image/upload/v1629693853/Captura_de_Pantalla_2021-08-22_a_la_s_23.44.07_gjjun9.png
58|CASA MUSEO JULIA CODESIDO|https://res.cloudinary.com/virtual-guide/image/upload/v1629693872/descarga_1_nkgjxd.jpg
59|PARQUE FEDERICO VILLARREAL|https://res.cloudinary.com/virtual-guide/image/upload/v1630182186/monumento-federico-villareal_zi9hf8.jpg
60|PARQUE FEDERICO VILLARREAL|https://res.cloudinary.com/virtual-guide/image/upload/v1630182188/bco_pq_villa_18_sqe6bp.jpg
61|PARQUE FEDERICO VILLARREAL|https://res.cloudinary.com/virtual-guide/image/upload/v1630182191/000302265W_zdmaoo.jpg
62|PLAZA SANTISIMA CRUZ DEL VIAJERO|https://res.cloudinary.com/virtual-guide/image/upload/v1630182271/DSC05818_vcnwdl.jpg
63|PLAZA SANTISIMA CRUZ DEL VIAJERO|https://res.cloudinary.com/virtual-guide/image/upload/v1630182273/5395070_op4nxj.jpg
64|PLAZA SANTISIMA CRUZ DEL VIAJERO|https://res.cloudinary.com/virtual-guide/image/upload/v1630182275/67_big_xcuxzp.jpg
65|MUSEO LARCO HERRERA|https://res.cloudinary.com/virtual-guide/image/upload/v1630174105/foto.aspx-2_h769on.jpg
66|MUSEO LARCO HERRERA|https://res.cloudinary.com/virtual-guide/image/upload/v1630174108/foto.aspx_o5xih4.jpg
67|MUSEO LARCO HERRERA|https://res.cloudinary.com/virtual-guide/image/upload/v1630174103/foto.aspx-3_kcrmye.jpg
68|MUSEO LARCO HERRERA|https://res.cloudinary.com/virtual-guide/image/upload/v1630174144/fachada-del-museo-larco_tcwwju.jpg
69|MUSEO LARCO HERRERA|https://res.cloudinary.com/virtual-guide/image/upload/v1630174148/Museo-Larco-Waman-Adventures-2_l1antf.jpg
70|PARQUE CENTRAL|https://res.cloudinary.com/virtual-guide/image/upload/v1630174407/foto.aspx-7_jpxgs1.jpg
71|PARQUE CENTRAL|https://res.cloudinary.com/virtual-guide/image/upload/v1630174358/foto.aspx-4_wpnc49.jpg
72|PARQUE CENTRAL|https://res.cloudinary.com/virtual-guide/image/upload/v1630174357/foto.aspx-5_gamnt6.jpg
73|PARQUE EL CARMEN|https://res.cloudinary.com/virtual-guide/image/upload/v1630174707/02OJUCT3ELYLDOOJLM2XX0HY4B3ALEYUJI5SPL5LWZI4IE1I_fgpeir.jpg
74|PARQUE EL CARMEN|https://res.cloudinary.com/virtual-guide/image/upload/v1630174709/12054152_Wsm73f_Bxe7qDEZqexIUw0N1GuHac217z56xHT_6Awc_qm2nas.jpg
75|PARQUE EL CARMEN|https://res.cloudinary.com/virtual-guide/image/upload/v1630174710/Foto-Web_q3ddqp.jpg
76|PARQUE DEL FARO DE LA MARINA|https://res.cloudinary.com/virtual-guide/image/upload/v1630174932/foto.aspx-10_r8cxqa.jpg
77|PARQUE DEL FARO DE LA MARINA|https://res.cloudinary.com/virtual-guide/image/upload/v1630174934/foto.aspx-8_nvi7an.jpg
78|PARQUE DEL FARO DE LA MARINA|https://res.cloudinary.com/virtual-guide/image/upload/v1630174933/foto.aspx-9_v4xtnj.jpg
79|PARQUE ALFREDO SALAZAR|https://res.cloudinary.com/virtual-guide/image/upload/v1630175445/foto.aspx-13_g8qukb.jpg
80|PARQUE ALFREDO SALAZAR|https://res.cloudinary.com/virtual-guide/image/upload/v1630175481/foto.aspx-12_zxb3nq.jpg
81|PARQUE ALFREDO SALAZAR|https://res.cloudinary.com/virtual-guide/image/upload/v1630175502/foto.aspx-11_lhed0g.jpg
82|PALACIO MUNICIPAL DE MIRAFLORES|https://res.cloudinary.com/virtual-guide/image/upload/v1630175757/2670_mc3p72.jpg
83|PALACIO MUNICIPAL DE MIRAFLORES|https://res.cloudinary.com/virtual-guide/image/upload/v1630175750/6211542980_d7af6db2fd_b_tw5wco.jpg
84|PALACIO MUNICIPAL DE MIRAFLORES|https://res.cloudinary.com/virtual-guide/image/upload/v1630175761/foto.aspx-14_jtr6jg.jpg
85|MUSEO PEDRO DE OSMA|https://res.cloudinary.com/virtual-guide/image/upload/v1630176037/sala-virgenes_dba0cf_lgpnns.jpg
86|MUSEO PEDRO DE OSMA|https://res.cloudinary.com/virtual-guide/image/upload/v1630176038/museo-pedro-de-osma-11_oe9gtz.jpg
87|MUSEO PEDRO DE OSMA|https://res.cloudinary.com/virtual-guide/image/upload/v1630176041/1582316494137_hakyb2.jpg
88|PALACIO DE GOBIERNO|https://res.cloudinary.com/virtual-guide/image/upload/v1630176665/Palacio-de-Gobierno_sbw9nt.jpg
89|PALACIO DE GOBIERNO|https://res.cloudinary.com/virtual-guide/image/upload/v1630176667/foto.aspx-16_a7ksvo.jpg
90|PALACIO DE GOBIERNO|https://res.cloudinary.com/virtual-guide/image/upload/v1630176669/foto.aspx-15_rbw0uu.jpg
91|PALACIO MUNICIPAL DE LIMA|https://res.cloudinary.com/virtual-guide/image/upload/v1630176884/Municipalidad_Metropolitana_de_Lima_fouk0r.jpg
92|PALACIO MUNICIPAL DE LIMA|https://res.cloudinary.com/virtual-guide/image/upload/v1630176885/foto.aspx-18_eyztxd.jpg
93|PALACIO MUNICIPAL DE LIMA|https://res.cloudinary.com/virtual-guide/image/upload/v1630176901/foto.aspx-19_erchkt.jpg
94|PALACIO MUNICIPAL DE LIMA|https://res.cloudinary.com/virtual-guide/image/upload/v1630176885/foto.aspx-17_rgjw92.jpg
95|PARQUE DE LA MURALLA|https://res.cloudinary.com/virtual-guide/image/upload/v1630177093/foto.aspx-22_bkm5qe.jpg
96|PARQUE DE LA MURALLA|https://res.cloudinary.com/virtual-guide/image/upload/v1630177096/foto.aspx-21_cbqlio.jpg
97|PARQUE DE LA MURALLA|https://res.cloudinary.com/virtual-guide/image/upload/v1630177098/foto.aspx-20_zud5ay.jpg
98|MUSEO ANDRÉS DEL CASTILLO|https://res.cloudinary.com/virtual-guide/image/upload/v1630177358/museo-andres-castillo_uksjt4.jpg
99|MUSEO ANDRÉS DEL CASTILLO|https://res.cloudinary.com/virtual-guide/image/upload/v1630177361/Muse_Andres_Castillo-3_kqqulv.jpg
100|MUSEO ANDRÉS DEL CASTILLO|https://res.cloudinary.com/virtual-guide/image/upload/v1630177374/Muse_Andres_Castillo-1-3_v7inrl.jpg
101|MUSEO DE ARTES Y TRADICIONES POPULARES|https://res.cloudinary.com/virtual-guide/image/upload/v1630177619/museo-de-artes-y-tradiciones-populares_akknlj.jpg
102|MUSEO DE ARTES Y TRADICIONES POPULARES|https://res.cloudinary.com/virtual-guide/image/upload/v1630177621/100_0412_t5ls0x.jpg
103|MUSEO DE ARTES Y TRADICIONES POPULARES|https://res.cloudinary.com/virtual-guide/image/upload/v1630177625/casa-riva-aguero_cvzj4u.jpg
104|PARQUE DE LA RESERVA - CIRCUITO MÁGICO DEL AGUA|https://res.cloudinary.com/virtual-guide/image/upload/v1630177882/foto.aspx-28_rdkgcw.jpg
105|PARQUE DE LA RESERVA - CIRCUITO MÁGICO DEL AGUA|https://res.cloudinary.com/virtual-guide/image/upload/v1630177887/foto.aspx-27_nr8yns.jpg
106|PARQUE DE LA RESERVA - CIRCUITO MÁGICO DEL AGUA|https://res.cloudinary.com/virtual-guide/image/upload/v1630177889/foto.aspx-26_xjlhqu.jpg
107|PARQUE DE LA RESERVA - CIRCUITO MÁGICO DEL AGUA|https://res.cloudinary.com/virtual-guide/image/upload/v1630177893/foto.aspx-24_pn3rdo.jpg
108|PARQUE DE LA RESERVA - CIRCUITO MÁGICO DEL AGUA|https://res.cloudinary.com/virtual-guide/image/upload/v1630177891/foto.aspx-25_psjfwd.jpg
109|PARQUE DE LA RESERVA - CIRCUITO MÁGICO DEL AGUA|https://res.cloudinary.com/virtual-guide/image/upload/v1630177897/foto.aspx-23_pd63px.jpg
110|PINACOTECA MUNICIPAL IGNACIO MERINO|https://res.cloudinary.com/virtual-guide/image/upload/v1630178629/1_kW30-HMkOgEtVtlMmPvUFw_qxciap.jpg
111|PINACOTECA MUNICIPAL IGNACIO MERINO|https://res.cloudinary.com/virtual-guide/image/upload/v1630178630/O2KSVAIS2ZGK7LBF6AIUGQEIHQ_dkikyl.jpg
112|PINACOTECA MUNICIPAL IGNACIO MERINO|https://res.cloudinary.com/virtual-guide/image/upload/v1630178632/pinacoteca_faj5kh.jpg
113|MUSEO NUMISMÁTICO DEL PERÚ |https://res.cloudinary.com/dyifsbjuf/image/upload/v1629567787/vguide/MUSEO%20NUMISM%C3%81TICO%20DEL%20PER%C3%9A%20/descarga_2_-_1_ton6hj.jpg
114|MUSEO NUMISMÁTICO DEL PERÚ |https://res.cloudinary.com/dyifsbjuf/image/upload/v1629567787/vguide/MUSEO%20NUMISM%C3%81TICO%20DEL%20PER%C3%9A%20/descarga_1_-_1_s7upho.jpg
115|MUSEO NUMISMÁTICO DEL PERÚ |https://res.cloudinary.com/dyifsbjuf/image/upload/v1629567787/vguide/MUSEO%20NUMISM%C3%81TICO%20DEL%20PER%C3%9A%20/descarga_3_-_1_wbrjhw.jpg
116| MUSEO ELECTORAL Y DE LA DEMOCRACIA|https://res.cloudinary.com/dyifsbjuf/image/upload/v1629569677/vguide/%20MUSEO%20ELECTORAL%20Y%20DE%20LA%20DEMOCRACIA/descarga_1_-_2_dbavyo.jpg 
117| MUSEO ELECTORAL Y DE LA DEMOCRACIA|https://res.cloudinary.com/dyifsbjuf/image/upload/v1629569677/vguide/%20MUSEO%20ELECTORAL%20Y%20DE%20LA%20DEMOCRACIA/descarga_2_-_2_slstcj.jpg
118| MUSEO ELECTORAL Y DE LA DEMOCRACIA|https://res.cloudinary.com/dyifsbjuf/image/upload/v1629569677/vguide/%20MUSEO%20ELECTORAL%20Y%20DE%20LA%20DEMOCRACIA/descarga_3_-_2_y6cg6b.jpg
119| MUSEO DE ARTE ITALIANO|https://res.cloudinary.com/dyifsbjuf/image/upload/v1629571617/vguide/%20MUSEO%20DE%20ARTE%20ITALIANO/descarga_2_-_3_qb75sh.jpg
120| MUSEO DE ARTE ITALIANO|https://res.cloudinary.com/dyifsbjuf/image/upload/v1629571617/vguide/%20MUSEO%20DE%20ARTE%20ITALIANO/descarga_1_-_3_q1txh2.jpg
121| MUSEO DE ARTE ITALIANO|https://res.cloudinary.com/dyifsbjuf/image/upload/v1629571617/vguide/%20MUSEO%20DE%20ARTE%20ITALIANO/descarga_3_-_3_kydtcb.jpg
122|MUSEO ETNOGRAFICO DEL C.C JOSÉ PÍO AZA|https://res.cloudinary.com/dyifsbjuf/image/upload/v1629575327/vguide/MUSEO%20ETNOGRAFICO%20DEL%20C.C%20JOS%C3%89%20P%C3%8DO%20AZA/descarga_1_-_4_mgp3ev.jpg
123|MUSEO ETNOGRAFICO DEL C.C JOSÉ PÍO AZA|https://res.cloudinary.com/dyifsbjuf/image/upload/v1629575327/vguide/MUSEO%20ETNOGRAFICO%20DEL%20C.C%20JOS%C3%89%20P%C3%8DO%20AZA/descarga_3_-_4_lik6ol.jpg
124|MUSEO ETNOGRAFICO DEL C.C JOSÉ PÍO AZA|https://res.cloudinary.com/dyifsbjuf/image/upload/v1629575327/vguide/MUSEO%20ETNOGRAFICO%20DEL%20C.C%20JOS%C3%89%20P%C3%8DO%20AZA/descarga_2_-_4_crmg9a.jpg
125|CASA MUSEO DE LA LITERATURA|https://res.cloudinary.com/dyifsbjuf/image/upload/v1629589552/vguide/CASA%20MUSEO%20DE%20LA%20LITERATURA/descarga_1_-_5_cijke7.jpg
126|CASA MUSEO DE LA LITERATURA|https://res.cloudinary.com/dyifsbjuf/image/upload/v1629589553/vguide/CASA%20MUSEO%20DE%20LA%20LITERATURA/descarga_2_-_5_vnscbz.jpg
127|CASA MUSEO DE LA LITERATURA|https://res.cloudinary.com/dyifsbjuf/image/upload/v1629589552/vguide/CASA%20MUSEO%20DE%20LA%20LITERATURA/descarga_3_-_5_czijla.jpg
128|MUSEO DE ARQUEOLOGÍA Y ANTROPOLOGÍA UNMSM|https://res.cloudinary.com/dyifsbjuf/image/upload/v1629599214/vguide/MUSEO%20DE%20ARQUEOLOG%C3%8DA%20Y%20ANTROPOLOG%C3%8DA%20UNMSM/descarga_1_-_6_kldign.jpg
129|MUSEO DE ARQUEOLOGÍA Y ANTROPOLOGÍA UNMSM|https://res.cloudinary.com/dyifsbjuf/image/upload/v1629599214/vguide/MUSEO%20DE%20ARQUEOLOG%C3%8DA%20Y%20ANTROPOLOG%C3%8DA%20UNMSM/descarga_3_-_6_nnroye.jpg
130|MUSEO DE ARQUEOLOGÍA Y ANTROPOLOGÍA UNMSM|https://res.cloudinary.com/dyifsbjuf/image/upload/v1629599214/vguide/MUSEO%20DE%20ARQUEOLOG%C3%8DA%20Y%20ANTROPOLOG%C3%8DA%20UNMSM/descarga_2_-_6_hj9hkv.jpg
131|PLAZA SAN MARTÍN|https://res.cloudinary.com/dyifsbjuf/image/upload/v1629600872/vguide/PLAZA%20SAN%20MART%C3%8DN/descarga_1_-_7_ykiel1.jpg
132|PLAZA SAN MARTÍN|https://res.cloudinary.com/dyifsbjuf/image/upload/v1629600872/vguide/PLAZA%20SAN%20MART%C3%8DN/descarga_2_-_7_vrqwjl.jpg
133|PLAZA SAN MARTÍN|https://res.cloudinary.com/dyifsbjuf/image/upload/v1629600872/vguide/PLAZA%20SAN%20MART%C3%8DN/descarga_3_-_7_honhvw.jpg
134|MUSEO POSTAL Y FILATÉLICO DEL PERÚ|https://res.cloudinary.com/dyifsbjuf/image/upload/v1629602219/vguide/MUSEO%20POSTAL%20Y%20FILAT%C3%89LICO%20DEL%20PER%C3%9A/descarga_1_-_8_cg9nni.jpg
135|MUSEO POSTAL Y FILATÉLICO DEL PERÚ|https://res.cloudinary.com/dyifsbjuf/image/upload/v1629602220/vguide/MUSEO%20POSTAL%20Y%20FILAT%C3%89LICO%20DEL%20PER%C3%9A/descarga_2_-_8_ugbbdp.jpg
136|MUSEO POSTAL Y FILATÉLICO DEL PERÚ|https://res.cloudinary.com/dyifsbjuf/image/upload/v1629602219/vguide/MUSEO%20POSTAL%20Y%20FILAT%C3%89LICO%20DEL%20PER%C3%9A/descarga_3_-_8_lzssbo.jpg
137|MUSEO JOSEFINA RAMOS DE COX|https://res.cloudinary.com/dyifsbjuf/image/upload/v1629603735/vguide/Museo%20Josefina%20Ramos%20De%20Cox/descarga_1_-_9_yul5my.jpg
138|MUSEO JOSEFINA RAMOS DE COX|https://res.cloudinary.com/dyifsbjuf/image/upload/v1629603746/vguide/Museo%20Josefina%20Ramos%20De%20Cox/descarga_2_-_9_nesx3d.jpg
139|MUSEO JOSEFINA RAMOS DE COX|https://res.cloudinary.com/dyifsbjuf/image/upload/v1629603741/vguide/Museo%20Josefina%20Ramos%20De%20Cox/descarga_3_-_9_e7emvo.jpg
140|PARQUE DE LA EXPOSICIÓN DE LIMA|https://res.cloudinary.com/dyifsbjuf/image/upload/v1629605151/vguide/PARQUE%20DE%20LA%20EXPOSICI%C3%93N%20DE%20LIMA/descarga_3_-_10_hj0vdr.jpg
141|PARQUE DE LA EXPOSICIÓN DE LIMA|https://res.cloudinary.com/dyifsbjuf/image/upload/v1629605151/vguide/PARQUE%20DE%20LA%20EXPOSICI%C3%93N%20DE%20LIMA/descarga_1_-_10_anumzi.jpg
142|PARQUE DE LA EXPOSICIÓN DE LIMA|https://res.cloudinary.com/dyifsbjuf/image/upload/v1629605151/vguide/PARQUE%20DE%20LA%20EXPOSICI%C3%93N%20DE%20LIMA/descarga_2_-_10_e9jtce.jpg
143|MUSEO GRÁFICO DEL DIARIO EL PERUANO|https://res.cloudinary.com/dyifsbjuf/image/upload/v1629606898/vguide/MUSEO%20GR%C3%81FICO%20DEL%20DIARIO%20EL%20PERUANO/descarga_1_-_11_mfurwk.jpg
144|MUSEO GRÁFICO DEL DIARIO EL PERUANO|https://res.cloudinary.com/dyifsbjuf/image/upload/v1629606898/vguide/MUSEO%20GR%C3%81FICO%20DEL%20DIARIO%20EL%20PERUANO/descarga_2_-11_wcha1t.jpg
145|MUSEO GRÁFICO DEL DIARIO EL PERUANO|https://res.cloudinary.com/dyifsbjuf/image/upload/v1629606898/vguide/MUSEO%20GR%C3%81FICO%20DEL%20DIARIO%20EL%20PERUANO/descarga_3_-_11_c8kj6p.jpg
146|BARRIO CHINO|https://res.cloudinary.com/dyifsbjuf/image/upload/v1629650556/vguide/BARRIO%20CHINO/descarga_1_-_12_uyskfe.jpg
147|BARRIO CHINO|https://res.cloudinary.com/dyifsbjuf/image/upload/v1629650573/vguide/BARRIO%20CHINO/descarga_2_-_12_ibjs7t.jpg
148|BARRIO CHINO|https://res.cloudinary.com/dyifsbjuf/image/upload/v1629650573/vguide/BARRIO%20CHINO/descarga_3_-_12_h9vqaz.jpg
149|MUSEO NUMISMÁTICO DEL BANCO DE CRÉDITO DEL PERÚ|https://res.cloudinary.com/dyifsbjuf/image/upload/v1629652209/vguide/MUSEO%20NUMISM%C3%81TICO%20DEL%20BANCO%20DE%20CR%C3%89DITO%20DEL%20PER%C3%9A/descarga_3_-13_k2tihe.jpg
150|MUSEO NUMISMÁTICO DEL BANCO DE CRÉDITO DEL PERÚ|https://res.cloudinary.com/dyifsbjuf/image/upload/v1629652209/vguide/MUSEO%20NUMISM%C3%81TICO%20DEL%20BANCO%20DE%20CR%C3%89DITO%20DEL%20PER%C3%9A/descarga_2_-13_jrxfv2.jpg
151|MUSEO NUMISMÁTICO DEL BANCO DE CRÉDITO DEL PERÚ|https://res.cloudinary.com/dyifsbjuf/image/upload/v1629652209/vguide/MUSEO%20NUMISM%C3%81TICO%20DEL%20BANCO%20DE%20CR%C3%89DITO%20DEL%20PER%C3%9A/descarga_1_-_13_lcorsa.jpg
152|PLAZA DOS DE MAYO|https://res.cloudinary.com/dyifsbjuf/image/upload/v1629653167/vguide/PLAZA%20DOS%20DE%20MAYO/descarga_1_-_14_srlcdg.jpg
153|PLAZA DOS DE MAYO|https://res.cloudinary.com/dyifsbjuf/image/upload/v1629653167/vguide/PLAZA%20DOS%20DE%20MAYO/descarga_2_-14_h8vxct.jpg
154|PLAZA DOS DE MAYO|https://res.cloudinary.com/dyifsbjuf/image/upload/v1629653167/vguide/PLAZA%20DOS%20DE%20MAYO/descarga_3_-14_qzqmmy.jpg
155|MUSEO DE ANTROPOLOGÍA Y ARQUEOLOGÍA DE LA UNIVERSIDAD NACIONAL FEDERICO VILLARREAL|https://res.cloudinary.com/dyifsbjuf/image/upload/v1629654277/vguide/MUSEO%20DE%20ANTROPOLOG%C3%8DA%20Y%20ARQUEOLOG%C3%8DA%20DE%20LA%20UNIVERSIDAD%20NACIONAL%20FEDERICO%20VILLARREAL/descarga_1_-15_pjwwkx.jpg
156|MUSEO DE ANTROPOLOGÍA Y ARQUEOLOGÍA DE LA UNIVERSIDAD NACIONAL FEDERICO VILLARREAL|https://res.cloudinary.com/dyifsbjuf/image/upload/v1629654277/vguide/MUSEO%20DE%20ANTROPOLOG%C3%8DA%20Y%20ARQUEOLOG%C3%8DA%20DE%20LA%20UNIVERSIDAD%20NACIONAL%20FEDERICO%20VILLARREAL/descarga_2_-15_mrxniy.jpg
157|MUSEO DE ANTROPOLOGÍA Y ARQUEOLOGÍA DE LA UNIVERSIDAD NACIONAL FEDERICO VILLARREAL|https://res.cloudinary.com/dyifsbjuf/image/upload/v1629654277/vguide/MUSEO%20DE%20ANTROPOLOG%C3%8DA%20Y%20ARQUEOLOG%C3%8DA%20DE%20LA%20UNIVERSIDAD%20NACIONAL%20FEDERICO%20VILLARREAL/descarga_3_-15_amuget.jpg
158|PLAZA PERÚ|https://res.cloudinary.com/dyifsbjuf/image/upload/v1629655521/vguide/PLAZA%20PER%C3%9A/descarga_2_-16_jrfr2p.webp
159|PLAZA PERÚ|https://res.cloudinary.com/dyifsbjuf/image/upload/v1629655521/vguide/PLAZA%20PER%C3%9A/descarga_1_-16_vd1d9p.jpg
160|PLAZA PERÚ|https://res.cloudinary.com/dyifsbjuf/image/upload/v1629655521/vguide/PLAZA%20PER%C3%9A/descarga_3_-16_iy0kuw.jpg
161|MUSEO LEGIÓN DE CABALLERÍA DEL PERÚ|https://res.cloudinary.com/dyifsbjuf/image/upload/v1629656540/vguide/MUSEO%20LEGI%C3%93N%20DE%20CABALLER%C3%8DA%20DEL%20PER%C3%9A/descarga_1_-17_qnkdg3.jpg
162|MUSEO LEGIÓN DE CABALLERÍA DEL PERÚ|https://res.cloudinary.com/dyifsbjuf/image/upload/v1629656540/vguide/MUSEO%20LEGI%C3%93N%20DE%20CABALLER%C3%8DA%20DEL%20PER%C3%9A/descarga_2_-17_w9ts1k.jpg
163|MUSEO LEGIÓN DE CABALLERÍA DEL PERÚ|https://res.cloudinary.com/dyifsbjuf/image/upload/v1629656540/vguide/MUSEO%20LEGI%C3%93N%20DE%20CABALLER%C3%8DA%20DEL%20PER%C3%9A/descarga_3_-17_uc14ei.jpg
164|MERCADOS ARTESANALES LA MARINA|https://res.cloudinary.com/dyifsbjuf/image/upload/v1629659546/vguide/MERCADOS%20ARTESANALES%20LA%20MARINA/descarga_1_-_18_rsqzq4.jpg
165|MERCADOS ARTESANALES LA MARINA|https://res.cloudinary.com/dyifsbjuf/image/upload/v1629659546/vguide/MERCADOS%20ARTESANALES%20LA%20MARINA/descarga_2_-18_u2tfjj.jpg
166|MERCADOS ARTESANALES LA MARINA|https://res.cloudinary.com/dyifsbjuf/image/upload/v1629659546/vguide/MERCADOS%20ARTESANALES%20LA%20MARINA/descarga_3_-18_m91iye.jpg
167|PARQUE DE LAS LEYENDAS|https://res.cloudinary.com/dyifsbjuf/image/upload/v1629659611/vguide/PARQUE%20DE%20LAS%20LEYENDAS/descarga_1_-19_ix3j4u.jpg
168|PARQUE DE LAS LEYENDAS|https://res.cloudinary.com/dyifsbjuf/image/upload/v1629659611/vguide/PARQUE%20DE%20LAS%20LEYENDAS/descarga_2_-19_ximoej.jpg
169|PARQUE DE LAS LEYENDAS|https://res.cloudinary.com/dyifsbjuf/image/upload/v1629659611/vguide/PARQUE%20DE%20LAS%20LEYENDAS/descarga_3_-19_vtngyp.jpg
170|BOSQUE EL OLIVAR DE SAN ISIDRO|https://res.cloudinary.com/dyifsbjuf/image/upload/v1629659664/vguide/BOSQUE%20EL%20OLIVAR%20DE%20SAN%20ISIDRO/descarga_1_-_20_a6ehio.jpg
171|BOSQUE EL OLIVAR DE SAN ISIDRO|https://res.cloudinary.com/dyifsbjuf/image/upload/v1629659664/vguide/BOSQUE%20EL%20OLIVAR%20DE%20SAN%20ISIDRO/descarga_2_-20_yzjfid.jpg
172|BOSQUE EL OLIVAR DE SAN ISIDRO|https://res.cloudinary.com/dyifsbjuf/image/upload/v1629659664/vguide/BOSQUE%20EL%20OLIVAR%20DE%20SAN%20ISIDRO/descarga_3_-20_etha7f.jpg
173|MUSEO DE ARTE CONTEMPORÁNEO DE LIMA MAC-LIMA|https://res.cloudinary.com/dyifsbjuf/image/upload/v1629668025/vguide/Museo%20De%20Arte%20Contempor%C3%A1neo%20De%20Lima%20Mac-Lima/descarga_1_-21_eqhp25.jpg
174|MUSEO DE ARTE CONTEMPORÁNEO DE LIMA MAC-LIMA|https://res.cloudinary.com/dyifsbjuf/image/upload/v1629668025/vguide/Museo%20De%20Arte%20Contempor%C3%A1neo%20De%20Lima%20Mac-Lima/descarga_2_-_21_xu3ohn.jpg
175|MUSEO DE ARTE CONTEMPORÁNEO DE LIMA MAC-LIMA|https://res.cloudinary.com/dyifsbjuf/image/upload/v1629668025/vguide/Museo%20De%20Arte%20Contempor%C3%A1neo%20De%20Lima%20Mac-Lima/descarga_3_-21_v0q26r.jpg
176|MALECÓN GRAU|https://res.cloudinary.com/dyifsbjuf/image/upload/v1629668122/vguide/Malec%C3%B3n%20Grau/descarga_1_-22_mm9qya.jpg
177|MALECÓN GRAU|https://res.cloudinary.com/dyifsbjuf/image/upload/v1629668122/vguide/Malec%C3%B3n%20Grau/descarga_2_-_22_m753zs.jpg
178|MALECÓN GRAU|https://res.cloudinary.com/dyifsbjuf/image/upload/v1629668122/vguide/Malec%C3%B3n%20Grau/descarga_3_-22_dsyivq.jpg
179|MIRADOR CATALINA RECAVARREN|https://res.cloudinary.com/dyifsbjuf/image/upload/v1629668192/vguide/Mirador%20Catalina%20Recavarren/descarga_1_-23_sdyxhm.jpg
180|MIRADOR CATALINA RECAVARREN|https://res.cloudinary.com/dyifsbjuf/image/upload/v1629668192/vguide/Mirador%20Catalina%20Recavarren/descarga_2_-23_kgmagh.jpg
181|MIRADOR CATALINA RECAVARREN|https://res.cloudinary.com/dyifsbjuf/image/upload/v1629668192/vguide/Mirador%20Catalina%20Recavarren/descarga_3_-23_o0n8vn.jpg
182|MUSEO DE SITIO ANDRES AVELINO CACERES|https://res.cloudinary.com/dyifsbjuf/image/upload/v1629668273/vguide/Museo%20De%20Sitio%20Andres%20Avelino%20Caceres/descarga_1_-24_wowv4x.jpg
183|MUSEO DE SITIO ANDRES AVELINO CACERES|https://res.cloudinary.com/dyifsbjuf/image/upload/v1629668272/vguide/Museo%20De%20Sitio%20Andres%20Avelino%20Caceres/descarga_2_-24_lpotho.jpg
184|MUSEO DE SITIO ANDRES AVELINO CACERES|https://res.cloudinary.com/dyifsbjuf/image/upload/v1629668272/vguide/Museo%20De%20Sitio%20Andres%20Avelino%20Caceres/descarga_3_-24_alkuph.jpg
185|CAMPO DE MARTE|https://res.cloudinary.com/dyifsbjuf/image/upload/v1629668352/vguide/Campo%20De%20Marte/descarga_1_-25_ji5dp5.jpg
186|CAMPO DE MARTE|https://res.cloudinary.com/dyifsbjuf/image/upload/v1629668352/vguide/Campo%20De%20Marte/descarga_2_-25_agx3ff.jpg
187|CAMPO DE MARTE|https://res.cloudinary.com/dyifsbjuf/image/upload/v1629668352/vguide/Campo%20De%20Marte/descarga_3_-_25_vvjn08.jpg
188|PARQUE ITZHAK RABIN|https://res.cloudinary.com/dyifsbjuf/image/upload/v1629675428/vguide/PARQUE%20YITZHAK%20RABIN/descarga_1_-26_ehjd1p.jpg
189|PARQUE ITZHAK RABIN|https://res.cloudinary.com/dyifsbjuf/image/upload/v1629675428/vguide/PARQUE%20YITZHAK%20RABIN/descarga_2_-26_f4lfr6.jpg
190|PARQUE ITZHAK RABIN|https://res.cloudinary.com/dyifsbjuf/image/upload/v1629675428/vguide/PARQUE%20YITZHAK%20RABIN/descarga_3_-_26_hvbvlf.jpg
191|PARQUE ALBERTO ANDRADE CARMONA (PARQUE DEL AMOR)|https://res.cloudinary.com/dyifsbjuf/image/upload/v1629675554/vguide/PARQUE%20ALBERTO%20ANDRADE%20CARMONA%20%28PARQUE%20DEL%20AMOR%29/descarga_1_-_27_pentbo.jpg
192|PARQUE ALBERTO ANDRADE CARMONA (PARQUE DEL AMOR)|https://res.cloudinary.com/dyifsbjuf/image/upload/v1629675554/vguide/PARQUE%20ALBERTO%20ANDRADE%20CARMONA%20%28PARQUE%20DEL%20AMOR%29/images_2_-27_irimjs.jpg
193|PARQUE ALBERTO ANDRADE CARMONA (PARQUE DEL AMOR)|https://res.cloudinary.com/dyifsbjuf/image/upload/v1629675554/vguide/PARQUE%20ALBERTO%20ANDRADE%20CARMONA%20%28PARQUE%20DEL%20AMOR%29/descarga_3_-_27_a8ymrh.jpg
194|PARQUE RAIMONDI|https://res.cloudinary.com/dyifsbjuf/image/upload/v1629675624/vguide/PARQUE%20RAIMONDI/descarga_1_-28_pzhbjo.jpg
195|PARQUE RAIMONDI|https://res.cloudinary.com/dyifsbjuf/image/upload/v1629675624/vguide/PARQUE%20RAIMONDI/descarga_2_-28_ktk091.jpg
196|PARQUE RAIMONDI|https://res.cloudinary.com/dyifsbjuf/image/upload/v1629675624/vguide/PARQUE%20RAIMONDI/descarga_3_-_28_bitlww.jpg
197|PARQUE MARÍA REICHE|https://res.cloudinary.com/dyifsbjuf/image/upload/v1629675724/vguide/PARQUE%20MAR%C3%8DA%20REICHE/descarga_1_-_29_ktckha.jpg
198|PARQUE MARÍA REICHE|https://res.cloudinary.com/dyifsbjuf/image/upload/v1629675724/vguide/PARQUE%20MAR%C3%8DA%20REICHE/descarga_2_-29_jchnad.jpg
199|PARQUE MARÍA REICHE|https://res.cloudinary.com/dyifsbjuf/image/upload/v1629675724/vguide/PARQUE%20MAR%C3%8DA%20REICHE/descarga_3_-29_kxrank.jpg
200|PARQUE TRADICIONES|https://res.cloudinary.com/dyifsbjuf/image/upload/v1629675789/vguide/PARQUE%20TRADICIONES/descarga_1_-30_ozx23f.jpg
201|PARQUE TRADICIONES|https://res.cloudinary.com/dyifsbjuf/image/upload/v1629675789/vguide/PARQUE%20TRADICIONES/descarga_2_-30_ichqai.jpg
202|PARQUE TRADICIONES|https://res.cloudinary.com/dyifsbjuf/image/upload/v1629675789/vguide/PARQUE%20TRADICIONES/descarga_3_-_30_xyxr75.jpg
203|LUGAR DE LA MEMORIA, LA TOLERANCIA Y LA INCLUSIÓN SOCIAL - LUM|https://res.cloudinary.com/dyifsbjuf/image/upload/v1629675878/vguide/LUGAR%20DE%20LA%20MEMORIA%2C%20LA%20TOLERANCIA%20Y%20LA%20INCLUSI%C3%93N%20SOCIAL%20-%20LUM/descarga_1_-31_z5unpv.jpg
204|LUGAR DE LA MEMORIA, LA TOLERANCIA Y LA INCLUSIÓN SOCIAL - LUM|https://res.cloudinary.com/dyifsbjuf/image/upload/v1629675878/vguide/LUGAR%20DE%20LA%20MEMORIA%2C%20LA%20TOLERANCIA%20Y%20LA%20INCLUSI%C3%93N%20SOCIAL%20-%20LUM/descarga_2_-_31_bcuup5.jpg
205|LUGAR DE LA MEMORIA, LA TOLERANCIA Y LA INCLUSIÓN SOCIAL - LUM|https://res.cloudinary.com/dyifsbjuf/image/upload/v1629675878/vguide/LUGAR%20DE%20LA%20MEMORIA%2C%20LA%20TOLERANCIA%20Y%20LA%20INCLUSI%C3%93N%20SOCIAL%20-%20LUM/descarga_3_-_31_cehels.jpg
206|PARQUE DOMODOSSOLA|https://res.cloudinary.com/dyifsbjuf/image/upload/v1629675942/vguide/PARQUE%20DOMODOSSOLA/descarga_1_-32_q6s00j.jpg
207|PARQUE DOMODOSSOLA|https://res.cloudinary.com/dyifsbjuf/image/upload/v1629675942/vguide/PARQUE%20DOMODOSSOLA/descarga_2_-32_hbb9nq.jpg
208|PARQUE DOMODOSSOLA|https://res.cloudinary.com/dyifsbjuf/image/upload/v1629675942/vguide/PARQUE%20DOMODOSSOLA/descarga_3_-32_g9gcdw.jpg
209|BAR CORDANO|https://res.cloudinary.com/dyifsbjuf/image/upload/v1629683113/vguide/BAR%20CORDANO/descarga_1_-_1.1_busqu6.jpg
210|BAR CORDANO|https://res.cloudinary.com/dyifsbjuf/image/upload/v1629683112/vguide/BAR%20CORDANO/descarga_2_1.1_mf58lx.jpg
211|BAR CORDANO|https://res.cloudinary.com/dyifsbjuf/image/upload/v1629683113/vguide/BAR%20CORDANO/descarga_3_1.1_rcyycg.jpg
212|BASÍLICA CATEDRAL DE LIMA|https://res.cloudinary.com/dyifsbjuf/image/upload/v1629683293/vguide/BAS%C3%8DLICA%20CATEDRAL%20DE%20LIMA/descarga_2_1.2_rdbpym.jpg
213|BASÍLICA CATEDRAL DE LIMA|https://res.cloudinary.com/dyifsbjuf/image/upload/v1629683293/vguide/BAS%C3%8DLICA%20CATEDRAL%20DE%20LIMA/descarga_1_-1.2_l1u82q.jpg
214|BASÍLICA CATEDRAL DE LIMA|https://res.cloudinary.com/dyifsbjuf/image/upload/v1629683293/vguide/BAS%C3%8DLICA%20CATEDRAL%20DE%20LIMA/descarga_3_1.2_nlsrqt.jpg
215|CASA ASPÍLLAGA – Centro Cultural Inca Garcilaso de la Vega|https://res.cloudinary.com/dyifsbjuf/image/upload/v1629683463/vguide/CASA%20ASP%C3%8DLLAGA%20%E2%80%93%20Centro%20Cultural%20Inca%20Garcilaso%20de%20la%20Vega/descarga_1_1.3_mve691.jpg
216|CASA ASPÍLLAGA – Centro Cultural Inca Garcilaso de la Vega|https://res.cloudinary.com/dyifsbjuf/image/upload/v1629683462/vguide/CASA%20ASP%C3%8DLLAGA%20%E2%80%93%20Centro%20Cultural%20Inca%20Garcilaso%20de%20la%20Vega/descarga_3_1.3_uvih4a.jpg
217|CASA ASPÍLLAGA – Centro Cultural Inca Garcilaso de la Vega|https://res.cloudinary.com/dyifsbjuf/image/upload/v1629683462/vguide/CASA%20ASP%C3%8DLLAGA%20%E2%80%93%20Centro%20Cultural%20Inca%20Garcilaso%20de%20la%20Vega/descarga_2_1.3_qqhqrz.jpg
218|CASA DEL OÍDOR|https://res.cloudinary.com/dyifsbjuf/image/upload/v1629683630/vguide/CASA%20DEL%20O%C3%8DDOR%20/descarga_3_1.4_x5jn0o.jpg
219|CASA DEL OÍDOR|https://res.cloudinary.com/dyifsbjuf/image/upload/v1629683630/vguide/CASA%20DEL%20O%C3%8DDOR%20/descarga_1_1.4_qwhrqx.jpg
220|CASA DEL OÍDOR|https://res.cloudinary.com/dyifsbjuf/image/upload/v1629683630/vguide/CASA%20DEL%20O%C3%8DDOR%20/descarga_2_1.4_pynniz.jpg
221|CASA MUSEO MIGUEL GRAU|https://res.cloudinary.com/dyifsbjuf/image/upload/v1629683752/vguide/CASA%20MUSEO%20MIGUEL%20GRAU/descarga_1_1.5_jmlypl.jpg
222|CASA MUSEO MIGUEL GRAU|https://res.cloudinary.com/dyifsbjuf/image/upload/v1629683751/vguide/CASA%20MUSEO%20MIGUEL%20GRAU/descarga_2_1.5_crllne.jpg
223|CASA MUSEO MIGUEL GRAU|https://res.cloudinary.com/dyifsbjuf/image/upload/v1629683751/vguide/CASA%20MUSEO%20MIGUEL%20GRAU/descarga_3_1.5_jdwvdg.jpg
224|Casa Riva Agüero – Museo de Artes y Tradiciones Populares|https://res.cloudinary.com/dyifsbjuf/image/upload/v1629683904/vguide/Casa%20Riva%20Ag%C3%BCero%20%E2%80%93%20Museo%20de%20Artes%20y%20Tradiciones%20Populares%20/descarga_1_1.6_j6dnaf.jpg
225|Casa Riva Agüero – Museo de Artes y Tradiciones Populares|https://res.cloudinary.com/dyifsbjuf/image/upload/v1629683904/vguide/Casa%20Riva%20Ag%C3%BCero%20%E2%80%93%20Museo%20de%20Artes%20y%20Tradiciones%20Populares%20/descarga_2_1.6_jqfxnj.jpg
226|Casa Riva Agüero – Museo de Artes y Tradiciones Populares|https://res.cloudinary.com/dyifsbjuf/image/upload/v1629683904/vguide/Casa%20Riva%20Ag%C3%BCero%20%E2%80%93%20Museo%20de%20Artes%20y%20Tradiciones%20Populares%20/descarga_3_1.6_mlpsko.jpg
227|CONJUNTO MONUMENTAL SAN FRANCISCO DE LIMA|https://res.cloudinary.com/dyifsbjuf/image/upload/v1629684172/vguide/CONJUNTO%20MONUMENTAL%20SAN%20FRANCISCO%20DE%20LIMA%20/descarga_1_1.7_ff2asw.jpg
228|CONJUNTO MONUMENTAL SAN FRANCISCO DE LIMA|https://res.cloudinary.com/dyifsbjuf/image/upload/v1629684172/vguide/CONJUNTO%20MONUMENTAL%20SAN%20FRANCISCO%20DE%20LIMA%20/descarga_2_1.7_iag8ff.jpg
229|CONJUNTO MONUMENTAL SAN FRANCISCO DE LIMA|https://res.cloudinary.com/dyifsbjuf/image/upload/v1629684172/vguide/CONJUNTO%20MONUMENTAL%20SAN%20FRANCISCO%20DE%20LIMA%20/descarga_3_1.7_nq5ern.jpg
230|CONVENTO DE SANTO DOMINGO DE LIMA|https://res.cloudinary.com/dyifsbjuf/image/upload/v1629684813/vguide/CONVENTO%20DE%20SANTO%20DOMINGO%20DE%20LIMA/descarga_2_1.21_utsqgi.jpg
231|CONVENTO DE SANTO DOMINGO DE LIMA|https://res.cloudinary.com/dyifsbjuf/image/upload/v1629684813/vguide/CONVENTO%20DE%20SANTO%20DOMINGO%20DE%20LIMA/descarga_3_1.21_xtbrcd.jpg
232|CONVENTO DE SANTO DOMINGO DE LIMA|https://res.cloudinary.com/dyifsbjuf/image/upload/v1629684813/vguide/CONVENTO%20DE%20SANTO%20DOMINGO%20DE%20LIMA/descarga_1_1.21_tkxdxc.jpg
233|MERCADO CENTRAL (Mercado Municipal Gran Mariscal Ramón Castilla)|https://res.cloudinary.com/dyifsbjuf/image/upload/v1629684366/vguide/MERCADO%20CENTRAL%20%28Mercado%20Municipal%20Gran%20Mariscal%20Ram%C3%B3n%20Castilla%29%20/descarga_1_1.8_lq1x7t.jpg
234|MERCADO CENTRAL (Mercado Municipal Gran Mariscal Ramón Castilla)|https://res.cloudinary.com/dyifsbjuf/image/upload/v1629684366/vguide/MERCADO%20CENTRAL%20%28Mercado%20Municipal%20Gran%20Mariscal%20Ram%C3%B3n%20Castilla%29%20/descarga_2_1.8_wv3pmt.jpg
235|MERCADO CENTRAL (Mercado Municipal Gran Mariscal Ramón Castilla)|https://res.cloudinary.com/dyifsbjuf/image/upload/v1629684366/vguide/MERCADO%20CENTRAL%20%28Mercado%20Municipal%20Gran%20Mariscal%20Ram%C3%B3n%20Castilla%29%20/descarga_3_1.8_fygt6a.jpg
236|MUSEO DE LOS COMBATIENTES DEL MORRO DE ARICA|https://res.cloudinary.com/dyifsbjuf/image/upload/v1629684533/vguide/MUSEO%20DE%20LOS%20COMBATIENTES%20DEL%20MORRO%20DE%20ARICA/descarga_3_1.9_oji2yt.jpg
237|MUSEO DE LOS COMBATIENTES DEL MORRO DE ARICA|https://res.cloudinary.com/dyifsbjuf/image/upload/v1629684533/vguide/MUSEO%20DE%20LOS%20COMBATIENTES%20DEL%20MORRO%20DE%20ARICA/descarga_2_1.9_yxwnqq.jpg
238|MUSEO DE LOS COMBATIENTES DEL MORRO DE ARICA|https://res.cloudinary.com/dyifsbjuf/image/upload/v1629684533/vguide/MUSEO%20DE%20LOS%20COMBATIENTES%20DEL%20MORRO%20DE%20ARICA/descarga_1_1.9_hhpfpp.jpg
239|MUSEO DE SITIO BODEGA Y QUADRA|https://res.cloudinary.com/dyifsbjuf/image/upload/v1629685003/vguide/MUSEO%20DE%20SITIO%20BODEGA%20Y%20QUADRA/descarga_3_1.10_uqy8h1.jpg
240|MUSEO DE SITIO BODEGA Y QUADRA|https://res.cloudinary.com/dyifsbjuf/image/upload/v1629685003/vguide/MUSEO%20DE%20SITIO%20BODEGA%20Y%20QUADRA/descarga_1_1.10_n0olbc.jpg
241|MUSEO DE SITIO BODEGA Y QUADRA|https://res.cloudinary.com/dyifsbjuf/image/upload/v1629685003/vguide/MUSEO%20DE%20SITIO%20BODEGA%20Y%20QUADRA/descarga_2_1.10_ybmev2.jpg
242|MUSEO ETNOGRÁFICO AMAZÓNICO “JOSÉ PÍO AZA”|https://res.cloudinary.com/dyifsbjuf/image/upload/v1629685183/vguide/MUSEO%20ETNOGR%C3%81FICO%20AMAZ%C3%93NICO%20%E2%80%9CJOS%C3%89%20P%C3%8DO%20AZA%E2%80%9D%20/descarga_1_1_11_hu5z0e.jpg
243|MUSEO ETNOGRÁFICO AMAZÓNICO “JOSÉ PÍO AZA”|https://res.cloudinary.com/dyifsbjuf/image/upload/v1629685183/vguide/MUSEO%20ETNOGR%C3%81FICO%20AMAZ%C3%93NICO%20%E2%80%9CJOS%C3%89%20P%C3%8DO%20AZA%E2%80%9D%20/descarga_3_1.11_awov55.jpg
244|MUSEO ETNOGRÁFICO AMAZÓNICO “JOSÉ PÍO AZA”|https://res.cloudinary.com/dyifsbjuf/image/upload/v1629685183/vguide/MUSEO%20ETNOGR%C3%81FICO%20AMAZ%C3%93NICO%20%E2%80%9CJOS%C3%89%20P%C3%8DO%20AZA%E2%80%9D%20/descarga_2_1.11_jk1atl.jpg
245|MUSEO METROPOLITANO DE LIMA|https://res.cloudinary.com/dyifsbjuf/image/upload/v1629685516/vguide/MUSEO%20METROPOLITANO%20DE%20LIMA/descarga_1_1.12_ad81vj.jpg
246|MUSEO METROPOLITANO DE LIMA|https://res.cloudinary.com/dyifsbjuf/image/upload/v1629685516/vguide/MUSEO%20METROPOLITANO%20DE%20LIMA/descarga_2_1.12_ilw7ss.jpg
247|MUSEO METROPOLITANO DE LIMA|https://res.cloudinary.com/dyifsbjuf/image/upload/v1629685516/vguide/MUSEO%20METROPOLITANO%20DE%20LIMA/descarga_3_1.12_vpngjp.jpg
248|MUSEO MUNICIPAL DE TEATRO|https://res.cloudinary.com/dyifsbjuf/image/upload/v1629685689/vguide/MUSEO%20MUNICIPAL%20DE%20TEATRO/descarga_3_1._13_rmdqw0.jpg
249|MUSEO MUNICIPAL DE TEATRO|https://res.cloudinary.com/dyifsbjuf/image/upload/v1629685689/vguide/MUSEO%20MUNICIPAL%20DE%20TEATRO/descarga_1_1.13_pdx7xe.jpg
250|MUSEO MUNICIPAL DE TEATRO|https://res.cloudinary.com/dyifsbjuf/image/upload/v1629685689/vguide/MUSEO%20MUNICIPAL%20DE%20TEATRO/descarga_2_1.13_qqqdcy.jpg
251|PALACIO ARZOBISPAL DE LIMA|https://res.cloudinary.com/dyifsbjuf/image/upload/v1629685863/vguide/PALACIO%20ARZOBISPAL%20DE%20LIMA%20/descarga_2_1.14_klooko.jpg
252|PALACIO ARZOBISPAL DE LIMA|https://res.cloudinary.com/dyifsbjuf/image/upload/v1629685863/vguide/PALACIO%20ARZOBISPAL%20DE%20LIMA%20/deacarga_3_1.14_ktc0pb.jpg
253|PALACIO ARZOBISPAL DE LIMA|https://res.cloudinary.com/dyifsbjuf/image/upload/v1629685862/vguide/PALACIO%20ARZOBISPAL%20DE%20LIMA%20/descarga_1_1.14_l4j9ub.jpg
254|PALACIO MUNICIPAL DE LIMA|https://res.cloudinary.com/dyifsbjuf/image/upload/v1629686063/vguide/PALACIO%20MUNICIPAL%20DE%20LIMA/descarga_3_1.15_dzzhnd.jpg
255|PALACIO MUNICIPAL DE LIMA|https://res.cloudinary.com/dyifsbjuf/image/upload/v1629686063/vguide/PALACIO%20MUNICIPAL%20DE%20LIMA/descarga_1_1_15_tlf4xw.jpg
256|PALACIO MUNICIPAL DE LIMA|https://res.cloudinary.com/dyifsbjuf/image/upload/v1629686063/vguide/PALACIO%20MUNICIPAL%20DE%20LIMA/descarga_2_1_15_cr4wvs.jpg
257|PALACIO TORRE TAGLE|https://res.cloudinary.com/dyifsbjuf/image/upload/v1629686186/vguide/PALACIO%20TORRE%20TAGLE/images_3_1.16_gndr4k.jpg
258|PALACIO TORRE TAGLE|https://res.cloudinary.com/dyifsbjuf/image/upload/v1629686186/vguide/PALACIO%20TORRE%20TAGLE/descarga_1_1.16_epbdlk.jpg
259|PALACIO TORRE TAGLE|https://res.cloudinary.com/dyifsbjuf/image/upload/v1629686186/vguide/PALACIO%20TORRE%20TAGLE/images_2_1.16_wkr7ra.jpg
260|QUINTA HEEREN |https://res.cloudinary.com/dyifsbjuf/image/upload/v1629686392/vguide/QUINTA%20HEEREN/descarga_1_1.17_eamgjm.jpg
261|QUINTA HEEREN |https://res.cloudinary.com/dyifsbjuf/image/upload/v1629686392/vguide/QUINTA%20HEEREN/descarga_3_1.17_gr60od.jpg
262|QUINTA HEEREN |https://res.cloudinary.com/dyifsbjuf/image/upload/v1629686392/vguide/QUINTA%20HEEREN/descarga_2_1.17_dkracb.jpg
263|SANTUARIO Y MONASTERIO DE LAS NAZARENAS|https://res.cloudinary.com/dyifsbjuf/image/upload/v1629686605/vguide/SANTUARIO%20Y%20MONASTERIO%20DE%20LAS%20NAZARENAS/descarga_1_1.18_lhfmu5.jpg
264|SANTUARIO Y MONASTERIO DE LAS NAZARENAS|https://res.cloudinary.com/dyifsbjuf/image/upload/v1629686605/vguide/SANTUARIO%20Y%20MONASTERIO%20DE%20LAS%20NAZARENAS/descarga_3_1.18_jlstm4.jpg
265|SANTUARIO Y MONASTERIO DE LAS NAZARENAS|https://res.cloudinary.com/dyifsbjuf/image/upload/v1629686772/vguide/SANTUARIO%20Y%20MONASTERIO%20DE%20LAS%20NAZARENAS/descarga_4_1.18_alyuxg.jpg
266|PARQUE DE LA MURALLA|https://res.cloudinary.com/dyifsbjuf/image/upload/v1629686890/vguide/PARQUE%20DE%20LA%20MURALLA/descarga_1_1.19_zomknn.jpg
267|PARQUE DE LA MURALLA|https://res.cloudinary.com/dyifsbjuf/image/upload/v1629686889/vguide/PARQUE%20DE%20LA%20MURALLA/descarga_2_1.19_acz1ev.jpg
268|PARQUE DE LA MURALLA|https://res.cloudinary.com/dyifsbjuf/image/upload/v1629686888/vguide/PARQUE%20DE%20LA%20MURALLA/descarga_3_1.19_o95y0f.jpg
269|TEATRO MUNICIPAL DE LIMA|https://res.cloudinary.com/dyifsbjuf/image/upload/v1629687061/vguide/TEATRO%20MUNICIPAL%20DE%20LIMA/descarga_2_1.20_deqsj1.jpg
270|TEATRO MUNICIPAL DE LIMA|https://res.cloudinary.com/dyifsbjuf/image/upload/v1629687062/vguide/TEATRO%20MUNICIPAL%20DE%20LIMA/descarga_1_1.20_jymilk.jpg
271|TEATRO MUNICIPAL DE LIMA|https://res.cloudinary.com/dyifsbjuf/image/upload/v1629687060/vguide/TEATRO%20MUNICIPAL%20DE%20LIMA/descarga_3_1.20_l9irsa.jpg
